title,price,area,district
户型好+位置安静+配套齐全+出行便捷+青塔商圈,6500,100,丰台
中粮祥云新装修 新家具 保持好配套齐全,32000,532.25,顺义
垡头北京华侨城南北4室,20000,213.82,朝阳
亦庄 金茂悦 住宅 户型方正 齐全,11000,162,大兴
圣世一品 南北3居 空房租 保养好 入住有保洁 方便看,35000,278,朝阳
方庄时代芳群南3室,14000,162.3,丰台
西二旗领秀新硅谷南北3室,13000,166.7,海淀
武夷花园运河明珠东西3室,7000,125.78,通州
北部新区尚峰尚水东1室,3300,48.47,海淀
金茂府 科技住宅 南北5居室 装修好 家具全齐,100000,382,朝阳
银谷美泉三居室，家具电器齐全，温泉入住，逸翠园,13000,130,朝阳
西山壹号院毛坯 百度科技园 网易联想 可需要长租,33000,316,海淀
东坝首开常青藤四期南北3室,8000,94.88,朝阳
亦庄和成璟园南北3室,15000,164.95,大兴
【空房】  照片由我拍摄   付款可沟通   三环边,50000,333.53,朝阳
利泽西园 东南2居室 家具齐全 干净卫生 采光充足 视野好,9000,99.98,朝阳
丽都水岸三期  南北通透大开间  开阔敞亮,30000,170,朝阳
临玉渊潭公园 南北3居室加书房 保养好 基本未住,65000,377.84,海淀
使馆壹号院南北2居 保养9.9成新 坐在家里可观景 方便看,42000,204,东城
远洋新干线全房源信息,9700,72,朝阳
成寿寺中海城风情苑南2室,8500,104,丰台
中粮祥云 新装修 新家具 保持好配套齐全,30000,248,顺义
林萃路，上林世家，正规两居室，空房，看 房方便，人车分流,17000,154.55,朝阳
天通苑 附近正规南北通透四居室家具电器齐全,15000,234,昌平
免中间费，开发商装修，保养好，照片实图,15000,76.7,朝阳
丽高府 新装修 新家具 保持好配套齐全,15500,208.54,顺义
望京，里外里公寓，南北两居室，户型正，视野开阔，凯德对面,18500,151.02,朝阳
望京 点击未来 东南1居 装修干净整洁 高层采光好 可谈价,5600,40.9,朝阳
中央别墅区龙湾别墅北南4室,40000,366,顺义
东方普罗旺斯 家具全 可长租 采光充足,55000,555,昌平
九棵树世爵源墅南北4室,14000,181.34,通州
豆各庄富力又一城C区南北3室,9500,168.53,朝阳
天竺万通天竺新新家园南北3室,13000,120,顺义
后沙峪中粮祥云国际生活区南北5室,35000,301.91,顺义
成寿寺中海城风情苑南北3室,10500,124,丰台
万通天竺新新家园 新装修 新家具 保持好配套齐全,38000,386,顺义
一层带60平花园，3卧室朝南，南向明卫，宽敞大客厅，有钥匙,27000,177.45,西城
西三环，人车分流，采光好，视野无遮挡，近地铁,55000,326.72,海淀
西三环，人车分流，采光好，视野无遮挡，近地铁,65000,470,海淀
朱雀门，南北通透大三居，双卧朝南，高层采光好，有密码，随时租,27000,186,西城
大望路 合生汇 保养装修好，大落地窗，配套齐，随时看,30000,151.46,朝阳
观湖国际西 南北通透四居室 三卧夹客厅朝南 家具全齐 带车位,36000,225,朝阳
公园1872 装修保养好 全，新社区 环境优美 随时看,38000,227.4,朝阳
公园1872 保养好 知名社区 环境优美 随时看,10000,65.87,朝阳
望京 四环边 方舟苑 西向2居 居家装修 高层采光好 可谈价,7500,81.05,朝阳
望京 大西洋新城 东西3居 房东首租 装修干净整洁 可谈价,17000,160,朝阳
【精选房源】  家具齐全   欧式简约风格    押一付三,50000,315,朝阳
家具齐全 随时入住 近马连洼梅园 菊园 兰园 西山华府,6300,60,海淀
中央别墅区丽高王府南北3室,30000,210,顺义
全南向一居  高层观景/采光优良 家具全齐保持完好,9500,77,朝阳
上林世家南北四居室，空房，随时入住，车位充足,22000,217.61,朝阳
五道口，龙湖唐宁，南北三卫四居，随时起租，装修不错，东西齐全,36000,188.75,海淀
北苑 万科星园 首租 三居室  居家装修,16000,155.29,朝阳
三里屯首开铂郡南向大1居，128平米，19000免中介,19000,128.67,朝阳
南向一居室，看小区的花园，家具齐全，房主人比较好，可看,8800,77.37,朝阳
望花路西里 两居室 南北向 有钥匙 空房 短租,4800,61.79,朝阳
三居室带有一个储物间 利用空间充足 动静分离,16000,161.67,海淀
方庄方庄六号南北3室,12500,166,丰台
东区国际两居室 采光保养好 可以bangong方便看,11000,106.26,朝阳
广安门 远见名苑 装两室两厅 地铁达官营站旁 随时租 钥匙,8000,83.66,西城
百子湾富力十号南西北4室,70000,288.68,朝阳
随时起租 西三环 西钓鱼台 08年社区 复式 不临街 随时看,25000,179.32,海淀
幸福家园+欧式婚房装修+头次租+高层采光好+明厨明卫+临地铁,21000,184.73,东城
阜成路航天桥 钓鱼台7号院 319平南北三居室 装修保养好,129000,319.44,海淀
首租 崇文 东花市 南北2室 室内如图 集中供暖 随时起租,9000,76.63,东城
华威桥 山水文园西园 装修好 感受型住宅 业主直租,23000,175.61,朝阳
望京 金隅国际 南北大3居 装修干净 高层观景好 可谈价,23000,233,朝阳
百子湾富力十号南北3室,62000,228.51,朝阳
林肯公园，住宅2居室，配置齐全，低楼层无遮挡，可聊价格,8300,94.88,大兴
临河社区+康桥水郡+全景落地窗+家具齐全+金源,14000,117.57,海淀
东三环、大望路，蓝堡国际公寓南北四居室,27000,251.47,朝阳
随时起租 可长租 临翠湖科技园 环保科技园 华为总部,6000,90.48,海淀
保利西山林语 南北通透两居室 空房 中楼层,6000,95.83,海淀
人流量大 地铁近  周边配套应有尽有 可工作,80000,327.82,丰台
领秀硅谷+离软件园近，长租+别墅+,24000,232.57,海淀
金茂府三居室 南北通透 家居齐全  业主诚租,40000,201,朝阳
东西通透，双面观景，配置齐全，保养好，临朝阳公园！,17500,127.27,朝阳
泛海澜海园 安静一居 户型方正保养好  安静,19000,116,朝阳
北清路价格合适 齐全干净有电梯交通方便,10000,146.33,海淀
鸿华家园+南北四居室+不临街+居家+齐全+双卫格局,22000,197.48,朝阳
广渠路15号，恒温，生态科技系统，舒适感人，随时看,7500,40,朝阳
方舟苑2期全明格局两居室，位置安静不临街，双阳台设计，通风好,8600,99.33,朝阳
东方普罗旺斯 装修好 打电话过来随时看,55000,799.15,昌平
US联邦公寓 东西通透4居室  电梯房,32000,228.94,朝阳
临河里金隅通和园南2室,3800,83.32,通州
一层带花园，正规4居室，空房，起租随时，安静不临街！,35000,213,朝阳
观湖国际四居室 南北通透，观景房，高层，有钥匙,25000,184,朝阳
方舟苑三期 东北两居 客厅落地窗 动静分离 保持干净 空置,10600,105.04,朝阳
商品社区、园区环境好+格局合理＋采光充足＋配套齐全＋方便看,10000,133,海淀
观湖国际 高层 视野开阔 带拐角阳台 有钥匙 随时看.,25000,160,朝阳
南向三居  面宽16.5米  全齐  可看可起租,21000,178,朝阳
朝阳公园 观湖 安静 双卧夹客厅南向 二居 保养好 方便看,21000,136.95,朝阳
山水文园西园  高层 南北3居室 有钥匙,50000,388.17,朝阳
前门台基厂三条东西2室,8000,60.79,东城
万国城一期南北三居 新刷墙 新铺地板 方便入住,33000,225,东城
润泽高层 不临街 钻石主卧 带保姆间 观景效果好 临公园,25000,270.44,朝阳
北苑路北 领地96平西南两居室 户型方正 带阳台,8800,96.22,朝阳
水木兰亭 新装修 新家具 保持好配套齐全,21000,193,顺义
大望路 SKP 蓝堡国际南北三居室 保养好 方便看,24000,154.96,朝阳
国美正规两居，价低，临地铁大悦城。,8300,98,朝阳
慧谷根园南北四居室 安静不临街 带电梯 采光视野好,39000,305,朝阳
畅清园 大客厅带阳台，双卧室两居 高楼层 采光好,8000,98.61,朝阳
有钥匙 头次出Z 高层视野 通透敞亮 配套齐全 保养好 长租,12500,119,海淀
大望路 SKP 蓝堡国际公寓 三居室 保养好 家具全齐,22000,119.78,朝阳
边户双明卫，短租时间灵活，随时起租，方便看有钥匙,16000,143.45,朝阳
东花市北里，部长楼，南北三居，可公司租，随时起租，随时看,13000,169.73,东城
西翠路与太平路交叉口 117平两居室 装修保养不错,9000,110,海淀
柏林爱乐正规两居室 业主惜租  地铁6号线,8800,109,朝阳
望京澳洲康都西1室,7000,37.68,朝阳
武夷花园京贸国际城西区南西北3室,6800,116.4,通州
太阳公元，高层两居，家具齐全，看、房、随、时,16000,89.28,朝阳
燕景佳园 户型好 南北通透,7000,126.69,大兴
橡树湾 开发商装修两居室 高楼层 带电梯 直观西山 临上地,10800,86,海淀
澳林春天，有钥匙，大阳台一居室 集中供暖，带电梯,7500,70.9,朝阳
东四环 东恒时代2期 南北通透两居 房子保持好 随时看,11000,96.75,朝阳
私家露台50平  园林社区 看 房随时 绿化率50%,11500,122.36,朝阳
五棵松紫金长安南北3室,23000,167,海淀
东三环 瑞安君汇 保养好 采光好 有钥匙 方便看,49000,224.35,朝阳
双井富力城B区，顶层大复式，有南向大露台，可做公司,35000,256.23,朝阳
朝青华纺易城南2室,9300,100,朝阳
亚运村 新荣家园400平公司用房 装修好 带露台,45000,400,朝阳
林肯公园，住宅2居室，高层采光无遮挡，配置齐全，报价8800,8500,92.7,大兴
【租户已经搬走】刚做的保洁  家具齐全  中间层 有钥匙,23000,153.5,朝阳
【温馨1居】  步行上班  告别堵车烦恼   原房照片,20000,167.26,朝阳
望京，西园三区，东南朝向大三居，格局方正，没有拐角浪费面积,15500,175.19,朝阳
霍营站8+13线旁，家具齐全，可合租，高层观景,7000,89,昌平
五道口，华清嘉园南北两居，有钥匙，随时起租，装修不错，东西齐,13000,96,海淀
清河 芳清园双卧客厅朝南三居室 有钥匙 家具半齐全可搬空,9800,115.29,海淀
亮马水晶  西南向正规两居  双卧夹客厅两端  精美装修家居,8000,81.91,朝阳
星河湾 南北通透四居室 家具齐全 客厅挑高4.5米,47000,291.19,朝阳
华纺易城二期南北三居，家里保养好，中间楼层，家私齐全,15000,136.21,朝阳
上京新航线 家具齐全 干净卫生 采光充足 带电梯 近家乐福。,12500,110.1,朝阳
主做楼盘 澳洲康都 大3居 家具齐全 干净卫生 采光充足,13000,126,朝阳
星源国际 东向大两居 家具齐全 干净卫生 采光充足 视野好,12000,110,朝阳
红庙华贸公寓南北2室,17000,133.63,朝阳
嘉里星源汇1居，保养好，家具齐全，随时起租,16500,77.5,朝阳
凤凰城3期，10号线地铁三元桥站，凤凰汇，免中介,18500,128.56,朝阳
北京院子南北三居室 安静不临街 带电梯 采光视野好,35000,167.92,朝阳
金星园南北通透3居，家具齐全，保养好，免中介，随时起租,16000,163.73,朝阳
望京合生麒麟社东北1室,9300,69.98,朝阳
万科物业 南北3居室 保持干净 高楼层 采光好 带车位 青塔,13500,172.8,丰台
北苑 福林苑 大两居  居家装修 稳定长租,12000,141,朝阳
三里屯 瑞安君汇 东西三居室 空房租 随时可起租,40000,209.63,朝阳
大望路风度柏林东2室,13500,95.84,朝阳
天鹅湾南区 顶层复式 不临街 客厅挑空 视野采光好,23000,220.34,朝阳
临河里华远铭悦南北4室,10000,161.4,通州
商品社区、园区环境好+格局合理＋采光充足＋配套齐全＋方便看,11500,113.62,海淀
户型方正、采光好、方便看、装修不错！,12600,71.43,朝阳
劲松华腾园东2室,8400,89.54,朝阳
已留钥匙 看 房方便 居家选择 百子湾  国贸后花园,5800,50.56,朝阳
旧宫宣颐家园南北3室,7800,134.6,大兴
乐成国际 全南两居 自住装修 双卧朝南 金地物业,16666,109.3,朝阳
成寿寺中海城圣朝菲南北3室,12000,140,丰台
方庄方庄六号南3室,13000,147.64,丰台
方庄方庄六号南北3室,12500,164.76,丰台
富力城D区西北两居室，中楼层，配的新家具，,14000,92.31,朝阳
海润国际高楼层观景大三居室，家私齐全，装修保养很好。,30000,175,朝阳
莱蒙湖 新装修 新家具 保持好配套齐全,30000,317,顺义
梨园园景东区南西3室,6500,100.34,通州
大望路珠江帝景E区南2室,12500,89.71,朝阳
广渠门光明西里东西2室,5500,47.24,东城
马连洼天秀花园安和园南北2室,7200,70.23,海淀
幸福家园+经 典三居+南北通透+装修宜居+户型方正,15000,118.85,东城
2006年人车分流社区 西南全落地飘窗 8平通体阳台,8500,72.59,东城
酒仙桥海润国际公寓东北1室,13000,77.04,朝阳
广安门 远见名苑 西向大开间 家具电器齐全 随时可看,5800,58,西城
宋家庄世纪星家园东北3室,8500,111.52,丰台
红庙华业玫瑰东方南北3室,17000,166.62,朝阳
富贵园一区，头次租，纯实木家具，家具齐全，采光无遮挡,16000,147.65,东城
东恒时代二期  精美三居 保持很干净 高楼层 有钥匙,13500,137,朝阳
酒仙桥阳光上东南西北4室,38000,246.11,朝阳
金地格林小镇 三居室,12000,138,大兴
太阳宫新纪家园南北2室,12000,84.77,朝阳
宣武陶然亭 菜市口双地铁 中信锦园 高层东两居 齐全长租车位,12000,88.13,西城
北四环欧陆凯旋城147.17平米三居室一个月1.4万随时看,14000,147.17,朝阳
九棵树龙湖蔚澜香醍南北4室,20000,204.09,通州
罗马东区南北三居室 中高层 二次装修 可以搬空,15000,147.06,朝阳
星河湾南北三居，带独立保姆间，临地铁6号线朝阳大悦城,38000,242,朝阳
商品社区、园区环境好+格局合理＋采光充足＋配套齐全＋方便看,23000,182.75,海淀
西钓鱼台嘉园2居15000元电梯房,15000,122.7,海淀
西钓鱼台嘉园3居19000元电梯房,19000,154,海淀
人济山庄 东北四居室 装修好 观景好 位置安静 出行便利,30000,193.87,海淀
带双车位！电梯入家+私人府院+家私齐全可搬+居家其他也行,120000,397.86,海淀
商品社区、园区环境好+格局合理＋采光充足＋配套齐全＋方便看,50000,240.78,海淀
长期在外地，房屋闲置，稳定靠谱租，业主随时签,10500,59.63,朝阳
昆玉河畔+鲁艺上河村+观景楼层+金源,50000,325,海淀
上元君庭，南北通透大三居，居家装修（高层）直观奥森,18000,210.66,朝阳
正规一居室 可短租 带燃气 保养很好 随时能看,5999,59,朝阳
听涛雅苑 正规二居室 南北通透,6000,102,大兴
南北通透三居室 家具全齐 保养好 景观好 中间层 无遮挡,48000,275,朝阳
世安家园 全南两居室 无遮挡 不临街 采光好 干净整洁,8300,82.11,朝阳
1层带50平米花园 配套齐全 安静不临街 封闭社区,11500,82.68,朝阳
南北通透两居室 中楼层 无遮挡 房子保养好  业主直租,11500,105.29,朝阳
玉桥合生滨江帝景1期南北3室,8500,155,通州
【好评房源】  温馨小屋  靠谱房源    干净 整洁 卫生,23000,121,朝阳
【精选视频房源】  高层   家具可沟通  押一付三即可,48000,354.79,朝阳
武夷花园BOBO自由城南北2室,6000,108.22,通州
亦庄金地格林小镇南北3室,9000,157.72,大兴
商品社区、园区环境好+格局合理＋采光充足＋配套齐全＋方便看,23000,156,海淀
大望路乐成豪丽西1室,13000,68.97,朝阳
户型方正一居室+养生楼层+金源,6300,47.99,海淀
百子湾富力十号南北3室,60000,229.88,朝阳
冠城大通澜石3居30000元,30000,176,朝阳
红玺台2居23000元,23000,85,朝阳
风度柏林 正规3居室 户型方正 采光充足 视野开阔 随时租,13000,139,朝阳
望京南北二居 配套完善 婚房装修标准 集中供暖 封闭式管理,12000,106.52,朝阳
望京，中广宜景湾，格局方正的四居，全部家私齐全，采光视野好,21000,214,朝阳
金星园 南向两居室 居住舒适，采光充足，中间楼层，交通便利,14000,113,朝阳
朝青天鹅湾南区南西2室,16000,131,朝阳
旗胜家园正规二居室+居家装修家居电器齐全+有电梯随时入住,6300,89,昌平
东大桥金地国际花园南北4室,55000,287,朝阳
万科蓝山方正南北3居  眼 镜户型  家具新 老 业主钥匙房,22000,165,朝阳
棕榈泉复试3层+阳光房+露台+5居室+客厅挑高+观全景！,150000,316,朝阳
西南上下2层3居室，新装修没住过，明厨明卫，家具齐全，钥匙,30000,123.38,朝阳
通透好+户型正+采光好+位置安静+出行便捷+带车位,7000,102.91,丰台
万国城东北两居室 安静不临街 带电梯 采光视野好,25000,143.58,东城
润枫水尚南北两居，装修保养好，临地铁大悦城。,11000,121.44,朝阳
融域嘉园，南北三居室，高楼层，带电梯 空房配置,13800,157.02,朝阳
福景苑 朝阳公园西路  观景好，家具齐全，安静不临街,36000,225,朝阳
大望路旁 封闭社区 急租 人文环境 绿化率高,13500,145.4,朝阳
宝星华庭 10年社区 空房租 有钥匙 中高楼层,19000,140.7,朝阳
望京西园一区正规两居室 新装修 新家具 保持好配套齐全,8800,99.6,朝阳
裘马都5室，490㎡60000，电梯房,60000,490,朝阳
全南双卫两居+二次装修+高层采光充足+有钥匙+俯瞰小区花园,12000,105.46,朝阳
农展馆旁边 富丽华园 两居室高层西南 视野采光好 房况好,18000,156,朝阳
北四环大屯路东三百米主场浩运园62平米正规一居室方便看,8000,62,朝阳
北四环荣尊堡147平米东向两居室一个月1.5万方便看,15000,147,朝阳
碧湖居2居22000元,22000,240,朝阳
中海紫金苑 南北通透3居 客厅主卧朝南 正观紫竹院公园湖景,36000,227,海淀
万国城三期 恒温恒湿两居 两个卫生间两个储物间,24000,143.58,东城
珠江罗马嘉园东区南北四居，装修保养挺好，临地铁大悦城,14000,142.63,朝阳
国风上观南北三居室 安静不临街 带电梯 采光视野好,18000,169,朝阳
嘉铭桐城 西南大三居 空房适合居家 有钥匙,15000,174.57,朝阳
南向大复式3居室 可做工作室居家 不能注,28000,251,朝阳
林肯公园，配置环保家具2居室，无遮挡，报价9000元可聊,9000,94.83,大兴
为你而选 林肯公园55.26㎡正规一居室 随时看 随时起租,5500,55.26,大兴
东北观湖大宅  恒温恒湿恒养  随时起租  可做工作室,40000,267.21,东城
郁金香，花园社区，南北通透3居室，配置齐全，3层，可聊价格,9000,127.05,大兴
上海沙龙 二居室 户型好 南北通透,6500,87,大兴
海淀观澳园南向开间，临森林公园，门口公交站，短租，阳光充足,5000,56.18,海淀
清缘东里南向开间，位置安静对花园，格局方正，随时起租，落地窗,4800,40.11,海淀
枫丹丽舍南北双卫三居，中间层，东西齐全，阳光充足，位置安静,10000,128.05,海淀
东润枫景  西南向一居  精美深色木地板  带家居,10000,62,朝阳
亚运村小营安慧东里北东3室 楼层好  家具全 不临街,12000,112.46,朝阳
光熙家园2居13000元,13000,123.67,朝阳
火星园2居16000元,16000,100,朝阳
光熙家园2居13500元,13500,109,朝阳
双花园两居室 低楼层 新壁纸 约看方便,9000,94.85,朝阳
宝星国际西向一层大两居 安静不临街 大面宽,18000,99.76,朝阳
百子湾金都杭城2期南北3室,14000,123.62,朝阳
通州北苑京贸国际公寓南西3室,8500,142.63,通州
CBD阳光100国际公寓北1室,10500,48,朝阳
百子湾沿海赛洛城东南西4室,30000,361,朝阳
太阳宫新纪家园西2室,9800,89.26,朝阳
新，视野好，随时看， 可聊，阁楼设计，离城铁近,13000,233.68,通州
三环新城 正规2居 中楼层 采光好 家具齐全 近10号线,6500,102.11,丰台
北苑上元君庭南北4室,25000,196.22,朝阳
龙湖唐宁 三面采光 视野开阔 无遮挡 主卧带独卫和衣帽间,35000,186.92,海淀
08年社区 装修简约干净 可商用房 正规一居 空房 可随时用,9500,62.55,朝阳
太阳宫半岛国际公寓南西1室,7000,39,朝阳
带露台，带独立的衣帽间，南向一居室，刷卡入户，楼下直通D,17000,102,海淀
东花市东花市北里西区东西3室,20000,211,东城
九棵树靓景明居南1室,4000,51.8,通州
富力城B区 全南三居室 两卧室朝南,17000,120.71,朝阳
四惠通惠家园惠民园南北4室,18000,146,朝阳
商品社区、园区环境好+格局合理＋采光充足＋配套齐全＋方便看,75000,312,海淀
商品社区、园区环境好+格局合理＋采光充足＋配套齐全＋方便看,24000,183,海淀
双井苹果社区南3室,30000,118.32,朝阳
天朗园，大一居，带（50平）大露台，公司或工作室可用,9800,80,朝阳
红庙东区国际西北3室,12800,154.22,朝阳
金隅国际 可以用于工作室的三居室 两套 高层,26000,197,朝阳
望京 金隅国际 北向开间 2006年楼盘 装修干净 可谈价,6300,52.24,朝阳
金隅国际  C座 可以用于工作室的两套大三居室 高层,24000,184,朝阳
望京 金隅国际 板楼1居 视野开阔 装修不错 可谈价,6500,52.42,朝阳
房子保养很好 配套齐全 业主直租 南向 希望租户爱惜房子,12000,111.85,朝阳
朝青珠江罗马嘉园南2室,9500,89.21,朝阳
亚运村 亚运新新家园润雪园别墅 家具齐全 落地窗 稳定长租,160000,549.06,朝阳
嘉里星源汇1居16500元,16500,77.9,朝阳
陶然亭中海紫御公馆东北2室,8800,60.72,东城
正对小区大花园 位置好 自家有花园 地上三层 地下一层,50000,367.73,朝阳
太阳公元南区，客厅双卧南3居，保养好,30000,176,朝阳
火星园：全明格局2居，94平米，家具齐全，14000,14000,94,朝阳
逸成东苑正规一居室+居家装修家居电器齐全+可以空房子随时住,6300,54.68,海淀
旗胜家园正规二居室+家居电器齐全+空房子随时住不临街有电梯,6300,88.68,昌平
奥林匹克公园倚林佳园南北5室,20000,209,朝阳
朝阳公园 泛海国际碧海园3室 家具齐全 地暖房 热水,30000,198.41,朝阳
公园大道422平层四居+户型好+观景效果好+业主直租,80000,419.37,朝阳
广渠门冠城名敦道A区西1室,7250,63.22,东城
东坝首开龙湖天璞南北东6室,26000,148.49,朝阳
梨园新通国际花园南西2室,5800,94.32,通州
香海园 四周观水系喷泉+空房状态＋可长租+南北东三面采光,33000,248.06,朝阳
垂虹园 正规2室 位置好 高楼层 视野好 有钥匙,14000,122,海淀
大望路金茂府分期3北1室,14800,76.83,朝阳
中信沁园南北向三居室，居家齐全装修保养好，10.15号起租,18000,108,西城
东恒时代 南向两居室 房间保持好 配套齐全,9800,90,朝阳
次顶层 带电梯两居室 随时起租随时可看 装修很不错 齐全租,8500,143.03,海淀
出门是宣武门与和平门地铁站宣东花园高性价比两居全齐配套,8800,43.9,西城
四惠 金地名京 西南北三居室 带衣帽间双卫生间,17000,137,朝阳
亦庄 海梓府 2室2厅1卫 装修配置好 报价7200,7200,83,大兴
上林世家，南北布局 双卫三居室 高楼层 无遮挡，集中供暖,20000,156.31,朝阳
西四环四季青别墅，整租，车位花园，有钥匙，海淀,49000,234,海淀
保利金泉观景两居室 保持好 新家具 有钥匙,11500,98,朝阳
望京，保利公园，南北朝向，统一装潢和地暖，干净整洁,21000,134,朝阳
望京，大西洋新城，南北朝向三居，双卧和客厅朝南，一梯两户,24000,151,朝阳
四惠东恒时代一期西2室,9500,101,朝阳
新硅谷平层四居室 一梯一户 观景楼层 保养好 条件可商议,29000,236.29,海淀
垡头北京华侨城南北3室,15000,171,朝阳
安宁庄上林溪南北2室,9000,109.23,海淀
金地名京 东南朝向两居复式 客厅挑空5米 目前空置 随时起租,13000,78.56,朝阳
豆各庄富力又一城A区南北3室,9000,163,朝阳
北部新区保利西山林语南北2室,6500,90,海淀
望京方便地段，业主托我第①次租，80万实木装修，3+1户型,21000,159,朝阳
室内配置齐全，看小区花园，临合生汇，看时方便,32000,151,朝阳
五矿万科如园，中式装修，中楼层，室内干净整洁，家具都全,26000,223,海淀
观景园南北两居室，东西齐全，明厨明卫，光线不错，装修不错,6900,60.14,海淀
清华旁，南北板楼三居，主卧带衣帽间，飘窗，大阳台,10000,117,海淀
逸翠园下叠四居室，家私齐全，保养好，用心装饰。,45000,271.64,朝阳
保利 14年社区 地暖,23000,145,朝阳
一直自住，保养好，正规4居室，欧式简约配置！,25000,195.67,朝阳
观湖国际 东南户型 高楼层 视野好 装修好 看花园 物业好,25000,160,朝阳
观湖国际一层带花园复式大四居 二次装修 保养好 可看,35000,186,朝阳
三卧朝南 餐客分离 南北通透 主卧南北通透,50000,251.27,朝阳
大望路风度柏林南3室,14000,135,朝阳
户型方正+采光好+位置安静+物业管理好+带车位,4400,37.1,丰台
金泉时代210平米 东南向 出行便利,35000,209.86,朝阳
朝青板块  国美家园  正规两居   带家居,8300,87.41,朝阳
大望路万科蓝山南北4室,35000,241,朝阳
广安门荣丰2008北1室,5200,28.38,西城
三里河 西二环 钓鱼台7号院 315平高楼层 全景玉渊潭公园,100000,315,海淀
K2清水湾   西南两居室 托斯卡纳风格  交通便利,5800,89.09,通州
保利金泉147平米全南向三居室 保持好 高层,18000,147,朝阳
优推！！保利西山林语 装修好 家具齐全 随时起租 环保园,6000,96.97,海淀
中信新城 全齐 户型好,8000,130,大兴
（新）随时起租 家具齐全 可合租 可长租 临永丰产业园,7000,94,海淀
户型正+采光好+位置安静+环境好,6500,80.13,丰台
月亮河城堡 南北三居室  耿庄桥南 交通便利,8500,134.6,通州
三区+不临街+非首租+客厅落地窗+长租+电梯入户,8900,146,海淀
上奥世纪正规南北通透四居室   四居四卫,10000,129,昌平
你过来啊  航天城 百旺杏林湾 齐全 南北通透 采光充足,5500,78,海淀
东四环 四惠地铁1号线八通线 金地名京复式两居 房屋保持好,11000,58,朝阳
方舟苑2期带露台的复式四居室，三个卫生间，两个明卫，装修好,28000,183,朝阳
三元桥+燕莎商圈+官舍+远洋新干线+三居+高层,18500,146.28,朝阳
芙蓉东路 京贸国际城 东区南向两居室 耿庄桥南,4200,75.3,通州
润枫德尚苑 一层 东南三居室 落地飘窗 装修好 环境好,24500,186,朝阳
五棵松塞纳维拉永定华庭南北3室,13500,105,海淀
大西洋新城F区+全南两居室+家具齐全+随时起租！,13000,92,朝阳
中信城二期 沁园 南北通透三居，有钥匙，头次租，中信沁园,20000,124.12,西城
商品社区、园区环境好+格局合理＋采光充足＋配套齐全＋方便看,43000,380.46,海淀
嘉润花园东南三居室 安静不临街 带电梯 采光视野好,13000,145,朝阳
里外里公寓东南两居室 安静不临街 带电梯 采光视野好,23000,155,朝阳
百旺杏林湾二区+齐全+可以长租+高楼层+位置安静,8800,137.31,海淀
茉莉园二期+有车位+电梯直达地库，平层四居室+首租+齐全,19000,184,海淀
金茂府一居室+家具齐全+北向观景+押一付三+随时可看,14500,76.7,朝阳
户型好+采光好+环境好+带车位,10000,138,丰台
嘉润高层二居 带独阳台 可居家合租 邻新世界及地铁站 已空置,9300,107,朝阳
林大对面 清华东路西口 正规一居 家具新的 东南向 交通便利,6200,50,海淀
进门时4米宽的客厅。 客厅窗和卧室窗都是落地窗，增大采光面。,35000,367.48,海淀
金茂悦北区欧式家具，户型好，三个卫生间，房源稳定感谢来电,15000,194.64,大兴
东坝 奥林匹克花园  南北通透平层三居  半空房,11000,138,朝阳
酒仙桥板块  2014年社区 东南向两居   大理石装修,15500,86,朝阳
首开常青藤 南北通透一居带露台  客厅有挑高  敞亮不压抑,6900,65.51,朝阳
高楼层，带电梯，有钥匙 集中地暖，内置齐备，随时入住；,6500,52,朝阳
南沙滩3居室 南北板楼 50米北沙滩站 不临街位置 集中供暖,8500,76.31,朝阳
保利南北4+1户型，空房出，有车位，带地暖，独梯独户,23000,145,朝阳
温馨一居，格局方正，全部家私齐全，采光视野好，装潢好，安静,5600,50,朝阳
三元桥，远洋新干线2居室，家具齐全，保养好,13500,130.29,朝阳
人文社区 安静三里屯 国贸 大2居 适合居住,23000,156,朝阳
公园1872 西向一居 一室一厅,12000,81.92,朝阳
武夷花园月亮城堡东1室,3800,58,通州
通州其它融创千章墅南北4室,25000,255,通州
四惠金地名京南西2室,14500,120,朝阳
垡头北京华侨城东南北3室,20000,199,朝阳
豆各庄富力又一城C区南西2室,5800,89.18,朝阳
北部新区保利西山林语南北3室,5500,96.27,海淀
果园京贸国际公馆南北3室,7200,92.27,通州
方庄璞瑅公馆南北4室,28000,211,丰台
东直门东方银座北1室,40000,147,东城
上下3层 客厅挑空 上叠别墅 逸翠园 南北通透 顶层带露台,35000,252,朝阳
万科如园 近百度 联想软件园 四居室前排采光好无遮挡 可观山,26000,254.53,海淀
北部新区保利西山林语南北2室,6000,89,海淀
茉莉园+位置安静+齐全+采光好+电梯入户,9500,125,海淀
梨园新通国际花园北1室,3900,51.51,通州
中粮大平层，一层一家。采光东南西北,67000,509.99,顺义
华侨城南北3居 新贴壁纸 干净整洁 12小时可看,12000,138.08,朝阳
方庄首开璞瑅南北4室,20000,179.47,丰台
马连洼圆明园花园别墅南北3室,10500,108,海淀
四惠东恒时代一期东南2室,8300,96,朝阳
天竺万通天竺新新家园南北5室,55000,390,顺义
垡头北京华侨城南北3室,13000,139.9,朝阳
中央别墅区龙湾别墅东北西南4室,45000,380,顺义
安宁庄上林溪南北3室,9200,108,海淀
西山壹号院+毛坯房+可以长租+中楼层,16000,189.97,海淀
潞苑中建红杉溪谷南北5室,21000,197.08,通州
梨园新通国际花园南西1室,4000,52.17,通州
武夷花园武夷花园牡丹园南西1室,3500,50,通州
豆各庄富力又一城C区南西3室,7200,127,朝阳
天鑫家园 南北通透 双卧朝南 户型方正 小区安静，配套齐全,6700,107,昌平
自住从来没有租过，欧式装修 双卧南大三居 中间楼层 有车位,30000,233,海淀
北辰复式+齐全+电梯入户+长租,15000,230,海淀
亚运金茂悦  此小区人车分流  好社区,12500,130,朝阳
中信沁园，西向2居室，齐全，中间层，地铁4号7号线,9000,66,西城
南北三居室 99新家具 要爱惜房子的租户,15000,125,朝阳
户型好+采光好+家具齐全+出行便捷+位置安静,8500,115.27,丰台
CBDSOHO现代城西1室,22000,144.3,朝阳
垡头北京华侨城南2室,11000,112.68,朝阳
方庄璞瑅公馆南北4室,25000,218,丰台
中间建筑 下叠拼别墅 一层带花园 家具齐全 即可入住,38000,260.8,海淀
商品社区、园区环境好+格局合理＋采光充足＋配套齐全＋方便看,30000,203,海淀
东坝首开常青藤一期南北2室,8000,85.32,朝阳
上林世家，南北通透三居室，原房可看，租住方式随意,24000,213.74,朝阳
西二旗领秀新硅谷南北4室,35000,238,海淀
京贸国际城南北通透，在一层，保持干净,4300,75.08,通州
金茂府仨居室，看小区花园，位置安静，业主直租,45000,206,朝阳
闹中取静，在小区里面，生态空调系统，价可聊，看方便,14000,48,朝阳
东坝首开常青藤一期南北3室,8000,94.24,朝阳
望京 万通天竺新新家园 南北3居 装修干净 采光好 可谈价,13500,120,顺义
酒仙桥丽都东镇东1室,6800,70.61,朝阳
望京嘉润花园东南4室,18000,174,朝阳
天竺万通天竺新新家园南北3室,13000,120,顺义
方庄首开璞瑅南2室,12000,91.73,丰台
酒仙桥  梵古水郡  正规两居 带精美家居,8000,78.35,朝阳
奥林匹克花园  南北通透大两居  精美装修带家居,8600,110.69,朝阳
逸翠园南北四居室，豪.华装修，家私齐全，保养干净,35000,239.87,朝阳
临河里金隅通和园南北2室,4000,85.05,通州
三元桥，远洋新干线4居，保养好，家具齐全，免中介,27000,202,朝阳
望京，方舟苑，东南朝向正规三居，全部家私齐全，随时入住,12000,118,朝阳
保利一层南北四居室，家私齐全，空置随时入住，干净整洁大方,23000,141,朝阳
四惠金地名京东南1室,8500,58,朝阳
玉泉营万年花城四期南2室,7500,96.8,丰台
方庄璞瑅公馆南北4室,40000,236,丰台
田村永达逸家西1室,5200,58.6,海淀
观湖国际南北三居室 空房 客厅挑空6米 随时看 起租随时,33000,250.47,朝阳
公园1872观景四居 南北通透 3卧朝南 家具齐全  浅色系,40000,220,朝阳
金茂府 南北通透三居室  全装全配全 进口家居 方便看,54000,206,朝阳
泛海国际2居室 家具齐全  保养好 卧室和客厅都朝南,22000,146,朝阳
逸翠园二期四居，红母家具，南北通透 使用面积大 诚租,30000,245.73,朝阳
观湖国际  三居室 家具全齐 可长租 随时起租,22000,175.44,朝阳
朝青板块 国美社区 正规一居室 达美 大悦城 人车分流,6700,55.7,朝阳
领地OFFICE2居9000元首租，电梯房,9000,98,朝阳
后沙峪地铁站旁温馨雅间 极简主义风格 宜家家私 保持好环境好,4000,60,顺义
林肯公园，2居室，95平米，报价8300元,8300,95,大兴
珠江帝景E区，高层南北3居室，次顶层，安静不临街,14000,149,朝阳
龙回苑，三居两卫，南北通透，采光好，小区环境优美,7000,117,昌平
富力城D区，南北通透3居室，保养好，家具齐全，随时入住,18000,155.12,朝阳
双井，富力城C区，东北向三居室，有钥匙，方便看，三居三卫,15000,145,朝阳
双井双花园南里二区东南1室,8000,78.3,朝阳
天鹅湾南北大复式，客厅挑高5米6，家具全齐，干净利落随时入住,30000,366,朝阳
风雅园三区，三居室，南北通透，周边配套齐全， 出行方便,7300,98.61,昌平
融泽嘉园 全南两居室 装修好 交通便利 购物方便,6700,87,昌平
东向一居+双井国贸CBD商圈+采光好+有钥匙+家具齐全,9000,61.07,朝阳
保利蔷薇东南一室一厅 商品社区 物业管理好 集中供暖,7200,56.94,东城
新怡家园，南向一居，空房租，中层无挡，采光充足，市政供暖,9000,88,东城
银河湾大3居 高装 客厅面宽 目前空置 客厅面宽大,27000,222.8,朝阳
一瓶观景大三居，空房租可配齐!可办工，可居家，随时起租,20000,162.01,西城
五路居东北 方正两居 带燃气 人车分流  交通便利,6800,80,海淀
临4/7号线菜市口站西单，周边配套齐全，未住,14000,90.57,西城
朝阳园  南北向正规三居  两个明卫  木地板装修家居,12000,142,朝阳
万年花城 首经贸 10号线 南向一居室阳光全天充足 居家舒适,6200,59.8,丰台
广安门远见名苑东南3室,9000,93.25,西城
润枫水尚 双卧客厅朝南 南北三居室 交通便利 朝阳大悦城,22000,193,朝阳
回龙观东亚上北 正规2居 家具齐全,6300,80,昌平
流星花园二区 带电梯2居2卫 面积大 家具齐全 采光好,6300,102,昌平
北京香颂东向一居室 安静不临街 采光好 可谈价,6500,45.96,朝阳
亦庄 荣京丽都齐全复式开间 52平5500元能租,5500,52,大兴
双井，富力城D区，南北通透三居室，有车位，随时看,19500,158,朝阳
望京 宝星园 西南3居 装修干净 空房现状 无遮挡采光好,12000,123,朝阳
三居室 手慢拍大腿啊,15000,159,朝阳
望京 花家地西里 细腻2居 装修风雅 视野好 采光足 不临街,7500,51.48,朝阳
随时起租有钥匙，西南正规两居，采光无遮挡，中高层电梯房，百环,8800,96,朝阳
爱这城三期   装修好  有钥匙,10000,87.81,朝阳
富贵园品房+南北通透两居室+随时起租+物美价廉+可以做宿舍,11500,95.36,东城
世纪宝鼎，全南三居室，197平，平层，采光好，干净整洁,18500,197.5,朝阳
太阳国际公馆，南北大3居，183平，家具齐全,20000,183.31,朝阳
《海润国际》1.8万一月南北三居，欧式风格，家具齐全保养不出,21000,175,朝阳
玉泉营万年花城二期南2室,5400,53,丰台
科技园区怡海花园恒泰园东南北3室,13500,154.99,丰台
上海沙龙 三居室 户型好 南北通透,10000,160,大兴
武夷花园京贸国际城西区南1室,4000,58,通州
清河橡树湾南北3室,20000,177,海淀
旧宫亦庄北岸东1室,3500,37.73,大兴
方庄芳城园1区南东2室,6500,64,丰台
芍药居芍药居北里西北1室,6000,58,朝阳
东直门使馆壹號院南北3室,50000,182.79,东城
朝青国美第一城南2室,8500,94.46,朝阳
广安门 远见名苑 一室一厅 7号线达官营 方便看,5800,56.4,西城
方庄紫芳园二区南北3室,15000,169,丰台
广安门荣丰2008北1室,5400,27.59,西城
龙潭北里，朝南，装修好，家具齐全，长期租，出行方便,11000,139.53,东城
酒仙桥丽都水岸3期北1室,12000,71,朝阳
采光面大+户型格局方正+家具齐全+物业好+16年的新社区,7500,82.84,丰台
润枫水尚 青年路 东西通透两居室 家具全齐 紧挨地铁,11000,94.39,朝阳
朝青天鹅湾北区东1室,8500,37.66,朝阳
森林公园旁美伦堡正规三居室双卫+居家装修家居电器齐全带电梯,28000,166,朝阳
雅成一里 南北通透一居室 业主直租 保养如新,6500,56.61,朝阳
双通透+前后观景+户型好+家具齐全+物业好+车位,14500,155,丰台
燕莎嘉和丽园南北4室,24000,257,朝阳
新太阳公元4室  交通便利  配套齐全,45000,220,朝阳
远洋山水南区 135平南北通透三居室 装修保养好,15000,135,石景山
玉泉营优筑南1室,5600,67.3,丰台
太阳宫太阳公元南1室,13000,68.27,朝阳
远洋山水 东向一居室 中间楼层 视野好 装修保养也不错,5200,56,石景山
垡头翠成馨园南北3室,9000,141,朝阳
商品社区、园区环境好+格局合理＋采光充足＋配套齐全＋方便看,13500,123.89,海淀
一瓶，通透大两居，园区中间，安静不临街，刷卡进公园，陶然亭,19000,162,西城
国美正规，装修保养好，价格低，地铁6号线，大悦城。,8500,97.78,朝阳
国美两居，保养不错，临地铁大悦城。,8500,87.41,朝阳
商品社区、园区环境好+格局合理＋采光充足＋配套齐全＋方便看,17000,178.19,海淀
商品社区、园区环境好+格局合理＋采光充足＋配套齐全＋方便看,25000,179.66,海淀
左安门龙潭北里一条南北3室,5800,56,东城
双井 首城国际 11年小区 家居等齐全 屋内保养的很好,11000,90.09,朝阳
乐成公馆 金地物业 主卧带衣帽间 可配新家具 业主直租,20000,140,朝阳
临河里金隅花石匠南北3室,4800,90,通州
北苑世华泊郡南2室,8000,85,朝阳
崇文门新裕家园南北2室,12000,103,东城
金源+双地铁+两居室家具齐全+正对园区花园,8200,71,海淀
望京国风北京，南北2居室，户型正，采光好，精细装修，新荟城旁,13000,121,朝阳
广安门荣丰2008北1室,5500,28.5,西城
望京花园东区，正规两居室，户型正，采光视野好，家具齐全,9000,103,朝阳
方庄方庄六号南3室,13000,149,丰台
西坝河丰和园19号院南北3室,21000,142.4,朝阳
火星园2居14500元,14000,99.6,朝阳
华远九都汇 地暖房 带100平花园 家具齐全 交通便利,30000,247,朝阳
林肯公园二期，268平米大平层，高楼层观景，可聊价格,28000,268,大兴
保利东郡，大四居，241平南北通透，前后观花园，小区安静,48000,241,朝阳
成寿寺中海城香克林西1室,6600,77.5,丰台
燕莎，四季世家，全南双套房两居，装修保养好，采光视野好,58000,243.3,朝阳
业主直租 华威桥 山水文园西园 次顶层南北三居 带车位,26000,175.7,朝阳
崇文门国瑞城中区东2室,8500,70,东城
地铁8号线回龙观东大街站 矩阵小区东北向开间 带电梯 装修好,4600,53.84,昌平
酒仙桥板块  银河湾 东南向正规两居 保养好带家居,18000,112,朝阳
涉外住宅  丽都水岸  南北通透板楼三居 木地板带家居,21000,180,朝阳
星河湾朗园 样板间 保养如新 大悦城地铁青年路站 随时入住,42000,291.14,朝阳
凤凰城一期3居22000元,22000,146,朝阳
有套没住过四居292平四居，双电梯入户，视野好，观景好,42000,256,朝阳
配套齐全 装修好 安静不临街 采光好 交通便利 公园环绕,21000,235.96,朝阳
望京融科橄榄城、全南2居、安静不临街、家具齐全、随时入住,13000,106,朝阳
太阳宫，国际村，正规一居，全南向，头次租，配置齐全，有钥匙,12000,74.81,朝阳
三元桥 国际村 南向2室 家具齐全 14000元电梯房,13000,114.46,朝阳
圣馨家园2居，南北通透，随时起租，家具齐全,10000,97,朝阳
东湖湾南北两居室 安静不临街 带电梯 采光视野好,17000,130,朝阳
科技园区京投银泰万科西华府南北2室,7500,89,丰台
广安门朗琴园南2室,14000,105.67,西城
13号线北苑天润福熙大道南北通透大平层 婚房4居 以前没租过,25000,199.97,朝阳
金隅国际  北向开间  高层视野好  装修保持好 安静舒适,7500,58,朝阳
世纪城晴波园 双卧南三居 空房可以配齐 带储物间 临金源,20000,165,海淀
星岛假日 户型方正,12000,161,大兴
龙湾一期，独栋。安静不临街,38000,355,顺义
百旺杏林湾+齐全+可以长租+高楼层+位置安静,6000,86.99,海淀
逸翠园南北三居，家具齐全保养好，临朝体家乐福。,18000,155,朝阳
五道口东升园公寓南北1室,7000,59.8,海淀
空房大三居 不临街 可长租 临软件园,23000,181,海淀
北部新区百旺杏林湾南西1室,5300,69.6,海淀
东四环 四惠 金地名京 客厅正观花园 小区环境好 交通便利,10000,87,朝阳
中信城二期 东西北2居 明厨明卫 装修保养好 高层观景,13900,98.37,西城
中信沁园，实用小2居室，环境好，齐全，菜市口站4/7号线,8700,66,西城
圣世一品保养好两居室 二次装修 方便看 价格能聊,19000,115.75,朝阳
北苑路北 天居园133平东向两居室 双卫 大客厅,12500,133,朝阳
远洋新干线全房源,15000,136,朝阳
郦城工作区 新装下跃 可註册 可办 公接待 可看,28000,226,海淀
绿谷雅园 南北向两居室 装修保养好 楼层适中,6500,113.19,海淀
北部新区保利西山林语南北2室,6000,90.33,海淀
商品社区、园区环境好+格局合理＋采光充足＋配套齐全＋方便看,8500,98,海淀
望京大西洋新城F区南东2室,13000,92,朝阳
光线足+户型正+家具齐全+出行便捷,5800,52.16,丰台
方舟苑二期 北向一居室 户型方正 基本配置 高层无遮挡 干净,6500,56,朝阳
卡尔生活 南北通透户型 带花园,23000,276,大兴
婚房装修，保持干净.房子出行方便，,43000,252,朝阳
浉城百丽 南北三居室 保养好 齐全,9208,156,大兴
北部新区保利西山林语东1室,4500,45.57,海淀
林语别墅+齐全+装修好+有花园+长租+观水系，有车位,25000,515.97,海淀
南北双卫三居室，格局方正，位置安静，阳光充足，装修不错,28000,137,海淀
海淀西三旗润生园两居，有钥匙，随时起租，东西齐全，电梯高层,5000,64,海淀
富力桃园南北四居，随时起租，位置安静，统一装修，可以看,13000,227,海淀
丽都壹号二期 全南两居室 家居齐全,12000,83,朝阳
首开常青藤 南北通透板楼小三居 装修保养好  带家居,8000,93,朝阳
大悦公寓正规一居，临地铁大悦城,13000,92,朝阳
望京，大西洋新城，2010年的房子，格局方正，没有拐角浪费,10000,61,朝阳
保利南北四居室 安静不临街 带电梯 采光视野好,28000,145,朝阳
观湖国际 南北通透 二次装修 保养好 稳定签,27000,184,朝阳
金泉家园 保持不错的一居 性价比高,8500,89,朝阳
果园京贸国际公馆南北3室,6900,92.27,通州
中央别墅区丽高王府南西3室,20000,209,顺义
北部新区保利西山林语南北2室,5600,91,海淀
方庄首开璞瑅南北3室,15500,135.8,丰台
东直门东方银座南1室,13000,80.76,东城
方庄紫芳园三区东北3室,12500,118,丰台
中央别墅区丽高王府南北4室,18000,272,顺义
北部新区北辰香麓西1室,4600,71,海淀
四惠东恒时代一期南2室,9800,97,朝阳
望京利泽西园南北3室,10000,107,朝阳
西北旺百旺茉莉园南北2室,9500,142,海淀
果园京贸国际公馆南北3室,6000,92.27,通州
武夷花园武夷花园月季园南西北2室,4200,100.73,通州
业主直租，南北通透3居，一梯一户，电梯刷卡，家具齐全,21000,134.26,朝阳
首开智慧社，带电梯，随时起租，回龙观地铁对面，出行方便,8000,89,昌平
北部新区保利西山林语南北2室,5600,90,海淀
望京里外里公寓东北1室,13000,89,朝阳
大兴其它北京城建海梓府南北2室,7000,82.75,大兴
东四环 金地名京 09小区，物业管理好，小区环境好，近国贸,11000,89,朝阳
东四环 金地名京大两居 房子保持好 空间充足 楼层采光好,14000,119,朝阳
里外里东南三居室 安静不临街 带电梯 采光视野好,17000,139,朝阳
奥林匹克花园  环境优美  一层带花园两居  带家居,8500,100.75,朝阳
望京方舟苑正规两居室  全南两居室 安静不临街,8200,86,朝阳
永达逸家 高楼层北向一居室 装修好家私好 视野好,5200,61.3,海淀
北部新区保利西山林语南北2室,6200,95,海淀
商品社区、园区环境好+格局合理＋采光充足＋配套齐全＋方便看,48000,345,海淀
高层南向三居  面宽16米   全齐  临朝阳公园东四环,21000,171.23,朝阳
北部新区保利西山林语南1室,4200,73.33,海淀
旧宫润星家园南西2室,4900,92.93,大兴
亚运村小营鸿华家园南北4室,42000,321.21,朝阳
旧宫润星家园南北2室,5300,85.91,大兴
科技园区怡海花园富泽园南北3室,12000,124,丰台
后沙峪中粮祥云国际生活区南北5室,48000,507,顺义
北苑天居园南2室,7000,74,朝阳
北苑天居园东北2室,9500,110,朝阳
安宁庄上林溪南1室,5500,44,海淀
岳各庄中堂南北2室,7300,113.36,丰台
永泰园西向双卫两居，电梯高层，随时起租，东西齐全，临地铁,8800,129,海淀
武夷花园运河明珠南北2室,5900,98.6,通州
清河金隅美和园南1室,6500,66.74,海淀
首开常青藤  南北通透双卫大三居 双卧夹客厅朝南  带家居,11000,138,朝阳
金隅凤麟洲叠拼，有一些家具，保养干净，南北五居室,35000,245,朝阳
泛海国际澜海园 观景三居室 双卧朝南 家具全齐,33000,188.8,朝阳
招商局地产 公园1872高层南向两居室 保养好 方便看,22000,123,朝阳
十里河 华威桥 美景东方三居室,15000,118,朝阳
三元桥凤凰城一期北1室,13000,75,朝阳
稳定+绿景苑3居室+高层采光好+临2，5，7 号,8000,91.5,东城
大望路珠江帝景D区南北3室,16000,154,朝阳
东四环 大望路 九龙山 风度柏林 西向两居室,10500,103.8,朝阳
双井双花园西里东南2室,6500,72.49,朝阳
全空房四居室，落地窗南向阳台，地下车位，有地暖，安静位置,55000,273.32,朝阳
国奥村 空房四居室，可以配齐，可以长签，次次顶层，不临街,28000,246,朝阳
全南向 齐全 无遮挡 保持好 业主自住,14500,109.19,东城
2/4宣武门和平门站椿树园大两居通透户型首 次出 租,14000,129.55,西城
东直门  空房 可以看 北京站,20000,171.2,东城
朝青国美第一城东西1室,4700,58.99,朝阳
水仙园南北三居室~出门是公交站~落地窗带阳台,5000,116.3,通州
天乐园，南北通透二居室，居家装修，家具齐全,9500,128,朝阳
国贸商圈 嘉华世纪 南北朝向 有露台 闹中取静,75000,510,朝阳
万达大湖公馆，南北大二居室，居家装修，家具齐全,16000,184,朝阳
国美小区 一层复式 带花园 保持好 居住舒适,31000,294,朝阳
东北向一居室，家具齐全，看小区花园，落地大窗户。,13000,77.04,朝阳
华纺易城东区南北三居，地铁大悦城。,12500,128,朝阳
朝青国美第一城南北2室,6800,99.14,朝阳
枫桦豪景，南北两居室，首 次出 租，采光视野好,18000,123,西城
高楼层 户型方正 不临街 封闭小区,8500,92.85,朝阳
别墅，410平米，配置齐全，报价8万可聊,80000,410,朝阳
上元君庭，南北通透三居室，居家装修，家具齐全,25000,209,朝阳
京贸国际城  南向大两居室  交通便利 耿庄桥南,6000,93,通州
武夷花园 水仙园 南向两居室  公交站 三元桥,4300,88.61,通州
林肯公园，高层观景，256平米，空房，报价2.2万,20000,256,大兴
北苑 天乐园南北通透三居室 家具齐全 采光好 价格便宜,13000,138,朝阳
三里屯三里屯SOHO公寓北2室,23000,150.85,朝阳
科技园区中海九号公馆二区南北4室,23000,212,丰台
百子湾金都杭城1期南北4室,16000,153.7,朝阳
广安门 远见名苑二期 板楼 南北通透三室两厅两卫 自住齐全,17000,147.57,西城
澳林春天，南北高层三居室，带电梯 不临街，浅色靓装随时住,17000,150,朝阳
有钥匙 金源国际公寓 办G首X 中间层 2室2卫 两卧朝阳,22000,157,海淀
椿树园，2/4/7地铁，东西通透3居，装修保养好，,12000,115,西城
全南向 复式房  南向大面宽 房况好  业主人好,23500,187,朝阳
广渠门绿景馨园南2室,6000,52.22,东城
太阳宫太阳公元南北3室,30000,175,朝阳
国际村 南北通透3居室，家具齐全,21000,151,朝阳
远洋天地 装修保养好四居室 居家bangon 方便看 1号线,27000,195,朝阳
东西通透明亮一居室 家具齐全 装修保养好 采光好 地铁1号线,8000,64,朝阳
花市枣苑西南三居室，装修好，家具齐全，中高楼层，视野好,19000,184,东城
近水系位置 进出入口 带电梯 带车位 使用面积180多平,12000,151.3,昌平
三居室，家具齐全，可以商量是否搬空，中间楼层，景观比较好。,14000,143,朝阳
华纺易城南北三居，临朝阳大悦城，地铁6号线。,12000,127,朝阳
阳光上东  东南三居  地暖+落地窗  家具齐全,40000,236.66,朝阳
国瑞城中区，高层两居，婚房装修，室内干净，家具电齐全，长租,8500,70,东城
本家润园 正规1室1厅 保养好 市政供暖 方便看,6100,48.94,东城
新世界家园，南北三居，家具电齐全，室内干净，管理好，交通便利,23000,157,东城
东花市北里，正规一居室，家具齐全，婚房装修，随时起租，长期租,6300,48,东城
富贵三居 南北通透 高楼层 家具电齐全 没租过,18000,149,东城
拂林园，南北通透四居室，（公司用房）北苑路北,18000,172.71,朝阳
林肯公寓复式两居室，低楼层，无挑空,8000,58,大兴
天鹅湾北区 现代风格装修 家具全齐 保养新,9500,47,朝阳
阿曼寓所 朝阳路 家具全齐 采光足 东西通透两居室 地铁,8300,102,朝阳
怡龙别墅 龙潭湖公园 200平,19000,200.39,东城
林澜园 复式4居 双露台  家私齐全 安静看花园,40000,252.73,朝阳
嘉铭桐城B区 顶层复式 前后花园 视野好,23000,214.9,朝阳
8号线 矩阵南向开间 独门独卫 家具齐全 随时起租 带电梯,4750,47,昌平
居家装修、空房、有地下车位、高层采光好,28500,171.26,海淀
东四环首创爱这城二期 南北通透三居室 户型方正采光好,16000,170,朝阳
四惠 东恒时代二期 南北通透3室 采光保养好 家具齐全方便看,14000,128,朝阳
朝青国美第一城南北1室,7000,139.96,朝阳
酒仙桥、晶都国际、颐堤港、798、地铁14号线将台站、风景线,14000,156,朝阳
近地铁 月底起租 宽大客厅 居家舒适,8300,91.36,朝阳
高层  三层复式   周边林立  使用空间足够,25000,160,朝阳
南区 东北二居 干净整洁 封闭小院,8000,93.66,朝阳
朝阳 四惠 首创爱这城 正规两居室  保养好  随时可看,9100,92,朝阳
酒仙桥丽都水岸3期南西北3室,30000,199.55,朝阳
农展馆东三环 富丽华园 视野采光好 有钥匙方便看，房况好,28000,213,朝阳
上海沙龙 风景如画 南北通透 户型好,8300,117,大兴
广安门 远见名苑 正规一室一厅 可当两室用 地铁7号线达官营,5300,47.97,西城
燕莎 福景苑 两居室 带阳台 视野采光好 房况好 有钥匙,25000,177,朝阳
旗胜家园正规二居室+居家装修家居电器齐全+带电梯不临街随时住,6300,89,昌平
soco公社开间一居室+居家装修家居电器齐全+带电梯不临街,5300,54,海淀
K2百合湾 东南 一居室  空房,8000,51.39,通州
亚运村主场 干净整洁 北向观景房 家具齐全 有钥匙 近地铁,7000,62,朝阳
太阳宫太阳公元南北4室,40000,220,朝阳
商品社区、园区环境好+格局合理＋采光充足＋配套齐全＋方便看,6600,48.52,海淀
珠江罗马嘉园南北两居，主卧客厅朝南，家具齐全，地铁大悦城。,9500,92,朝阳
润枫水尚正规一居，月底起租，地铁大悦城。,7900,71,朝阳
润枫西区南北通透大两居 户型方正 中高楼层,12000,122,朝阳
罗马东区，南北通透6居+阳光房，空房，适合工作室，随时起租,25000,174,朝阳
八里庄 西钓鱼台嘉园 91平西北向两居室 装修保好有家私,12000,91,海淀
人济山庄 低楼层 复试四居 户型方正 有钥匙,25000,196,海淀
国美南向两居，家具齐全，临地铁大悦城,8500,99,朝阳
瑞福楼南北两居室 安静不临街 带电梯 采光视野好,12500,134.37,朝阳
鹿港嘉苑西南三居室 安静不临街 带电梯 采光视野好,15000,144,朝阳
世华泊郡2居8500元首租,8500,87.29,朝阳
远洋沁山水 89平南向两居室 装修保养好,10000,89.21,石景山
有钥匙，中海紫御公馆，高层南北4居室，齐全，开发商装修,24000,207,东城
金隅花石匠 南北两居室 家具电器 齐全,5800,90.62,通州
融泽嘉园 高层两居改三居 可合租,7300,93,昌平
看过本房 装修保养不错 业主 已留钥匙,8500,102,朝阳
东湖湾，位置好，环境好，出门地铁和高速，房子干净，客户免佣,20000,168,朝阳
有钥匙！陶然北岸2居，明厨明卫，高层视野好（有车位单租）安静,12000,102.1,西城
宜景湾西南两居室 安静不临街 带电梯 采光视野好,13000,108,朝阳
国瑞城南北通透三居，家具电齐全，室内干净，交通便利，统一供暖,17000,157,东城
商品社区、园区环境好+格局合理＋采光充足＋配套齐全＋方便看,15000,144,海淀
晨月园+两居+采光好+高层观景+居住安静+世纪金源+10号线,8800,82.03,海淀
南北三居,14000,148,朝阳
首 次出 租  近地铁 封闭社区 2 4小时 保安,13000,137,朝阳
珠江罗马嘉园正规一居，装修保养好，临地铁大悦城。,7500,50.9,朝阳
国美东向大一居，家具齐全，临地铁大悦城。,7000,75.72,朝阳
山水蓝维3居13000元首租,13000,150,朝阳
人济山庄二期3居16000元电梯房,16000,153.89,海淀
业主直租 乐成国际三居 装修好 业主一直自住 有钥匙,17500,147.7,朝阳
东直门当代万国城南北3室,45000,304,东城
倚林佳园 带电梯 三居室 有钥匙 随时起租 家具齐全 复式,18000,180,朝阳
日式装修，厨卫全明，深度保洁，双井富力城 正规一居室,10700,59.11,朝阳
青年汇二期西南两居，集中供暖，家具齐全，临地铁大悦城,9000,94,朝阳
天鹅湾南向两居，双卫设计，装修保养好，地铁大悦城。,14000,112.2,朝阳
君安国际，117平米2居室，配置齐全，高层观景，可聊价格,8500,117,大兴
酒仙桥丽都水岸1期东北1室,12000,69.7,朝阳
优推！！橡树湾南北大三居室 装修好 家具齐全 随时起租 上地,21000,145.31,海淀
富力城D区 南北三居室 不临街 高层 10月1号起租,19000,172.22,朝阳
之前自住 奥林春天 带电梯正规三居室，采光无遮挡 落地窗,13000,132,朝阳
双井富力城C区东北2室,13000,90,朝阳
橡树湾一期,17000,127,海淀
望京花园西区，装修很好的两居室，户型正，家具全，东湖渠站旁,10500,96.38,朝阳
望京西园一区，双卧朝南，户型正，采光好，安静不临街，配套全,15000,202,朝阳
望京北京香颂，南北六居室，户型正，带花园，安静不临街，配套全,50000,363,朝阳
望京新城，西南向正规两居室，安静不临街，双地铁围绕！配套全,9500,92,朝阳
望京花家地西里二区，正规三居室，采光好，可接受合租，配套全,9800,106,朝阳
天畅园，西南向大三居，居家装修（北苑路北）,17500,186,朝阳
金都杭城西向开间，落地窗，看小区花园，观景无遮挡,6000,49.39,朝阳
天溪园，上叠别墅，可当工作室，带个大露台,32000,238.7,朝阳
双井站100米 国贸一站地 中间层一居 一直自住保养好,6700,59,朝阳
裘马都:家用齐全.保持好.安静不临街.随时起租,35000,222,朝阳
双井苹果社区北1室,9500,71.95,朝阳
宝星国际 高层观景两居室 安静不临街 南北通透 方便看,13000,108,朝阳
颐堤港+将台路站+芳园里+丽都酒店+全南两居室+装修保持好,16500,100.68,朝阳
金星园 西南两居室 有钥匙目前空置,13500,98,朝阳
柏林爱乐南北通透大两居室 客厅主卧朝南 次卧室朝北,7800,102.26,朝阳
上海沙龙 二居室 南北通透,6500,87,大兴
棕榈泉 观景朝阳公园 户型方正 知名楼盘 身份的象征 高层,23000,133,朝阳
双井苹果社区南北4室,16000,160.75,朝阳
商品社区、园区环境好+格局合理＋采光充足＋配套齐全＋方便看,85000,306,海淀
上北鑫座，南向开间，带电梯，小区安静，周边配套齐全,4300,46,昌平
国美2号院西南三居。双卫设计，装修保养好，临地铁6号线大悦。,11000,115,朝阳
崇文门+有钥匙可长租+新景商品三居+市政供暖+生活便利新裕旁,10500,91.54,东城
嘉里星源汇1居17000元电梯房,17000,86,朝阳
乐成国际2居13000元电梯房,13500,109,朝阳
大屯路东三百米主场浩运园44平米一居室一个月5800随时看,5800,44,朝阳
林肯公园，高贵风雅配置齐全家具，147平米，报1.35万,13500,147.8,大兴
大雄城市花园，南北通透3居室，配置齐全，报价9000元可聊,9000,157.37,大兴
大望路风度柏林西1室,7800,68,朝阳
幸福家园+有钥匙+一居室价格+头次租+对花园+景观好临地铁,7500,65.25,东城
朝阳公园 公园大道南向两居室 中层 装修保养好有钥匙,30000,138,朝阳
【保养好 有钥匙 】  价格可沟通   付款可沟通,17000,74.93,朝阳
马连洼万科西山庭院南北2室,18000,153,海淀
房源靠谱+南北四居+装修暖心+头次租+视野采光好,12000,111.2,东城
现在空置 家具齐全 临..近上地站 上地东里 上地佳园,8500,86,海淀
裘马都，二次装修，保持很好，南向正规1居室,13500,78.14,朝阳
望京 蓝色家族 东南3居 装修干净整洁 楼层高 采光好 可谈,16000,155.24,朝阳
边户联排，正规大五居，可以长租，大花园，车库和大地下室，长租,48000,390.9,海淀
高楼层，南向两居室，保养好，随时起租，无遮挡，,18000,125,西城
武夷花园  水仙园   北向 两居室  交通便利,4700,97.29,通州
万年花城 正规1居 家具齐全 装修保持好 近10号线,4500,40.83,丰台
林肯公园二期，空房居室，125平米，1层，可聊价格,9500,125.01,大兴
2014年小复式 使用面积70平 双层带双卫  落地窗,7200,33,朝阳
本家润园，视野好，头次租，装修风格温馨宜居，对花园，随时起租,10000,72.03,东城
望京，东南北三居，主卧和客厅朝南，格局方正无浪费面积，采光好,14500,128,朝阳
新景家园全南三居，采光充足，家具电齐全，观花园，交通便利,12600,94,东城
五道口，华清嘉园西向一居，随时起租，出入方便，配套齐全,9000,69.2,海淀
望京，北纬40度，南北朝向两居，主卧和客厅朝南，采光好，安静,8500,99,朝阳
望京，鹿港嘉苑，全南朝向两居，同一平面采光，全部家私齐全,12000,102.31,朝阳
东南把边户型 正对小区大花园800大枣树 中高楼层 少见,17000,141,东城
欧式 豪 华 居家自住 不临街 提前 约,17000,170.19,朝阳
新怡家园，不临街，南北通透复式，位置安静，四卧朝南，采光好,32000,257.18,东城
朝阳路 东四环 都会华庭 全南一居室，房子保持好，可看,8500,60,朝阳
花园社区 枫丹丽舍 从未租过的三居 齐全 随时入住,11000,130.26,海淀
清枫华景园西南一居，有钥匙，随时起租，东西齐全，位置安静,6500,65,海淀
主场浩运园62平米北向一居室装修好方便看大屯路东三百米,7300,62,朝阳
价可聊 跟业主好 随时看,9600,79,朝阳
金隅翡丽南北三居室，装修好，挑高复式，阳光充足，随时起租,9500,80,海淀
清河专家国际花园东南北4室,23000,244.12,海淀
西南两居+户型方正+可长租+家具齐全+不临街+10号线+金源,12500,107,海淀
清缘东里南向开间，位置安静，阳光充足，装修不错，随时起租,5000,40,海淀
新景家园+正向一居室+户型方正+地铁近+头次租+随时起租,7000,60,东城
地铁13号线龙泽站 新龙城北向开间 装修好 带电梯,4800,46.45,昌平
国风美唐郎观，带电梯，采光好，户型方正，小区周边配套齐全,6400,84,昌平
酒仙桥  东润枫景 东南向 户型方正 带家居,14000,132,朝阳
地铁宣武门和平门庄胜二期园区中间北向一居室全齐配套,8000,50.34,西城
酒仙桥板块  丽都水岸3期  东南向两居  精美装修,16500,112.73,朝阳
珠江罗马嘉园  小三居  中式风格带家居,12000,120,朝阳
酒仙桥板块  晶都国际  开间  带家居,6200,49.35,朝阳
常营板块  地铁6号线   柏林爱乐  粉色公主家居,8500,97.6,朝阳
朝青板块  华纺易城 南北通透三居带家居,13000,141,朝阳
雅成一里 青年路地铁 家具全齐 全南两居室,7500,101.6,朝阳
青年汇  西北向正规一居  精美装修  带家居,6500,54,朝阳
远洋万和城，南向两居室，新买了半年，装修好，客厅大,13500,87.03,朝阳
亚运村育慧里二区南北2室 楼层好 家具全  方便 临地铁,11000,67,朝阳
安慧东里  有钥匙  方便,8500,68.9,朝阳
亚运会外宾楼 户型方正 装修保持的不错 生活交通都方便,14000,134,朝阳
保利香槟 南向 观花园   保持好 家具齐全,7700,73.14,朝阳
保利香槟南北通透三居室 家具全 观花园 交通便利 环境优雅,16000,138.57,朝阳
工体北侧 正规一居 地暖+空调 有外置阳台 保养好,17500,103,朝阳
嘉里星源汇1居17000,17000,81.42,朝阳
太阳星城金星园3居19000元 1层可ban公,19000,139.08,朝阳
大西洋西向两居室 安静不临街 安静不临街 带电梯,14000,94,朝阳
裘马都1居14500元  二次装修,14500,75.28,朝阳
凤凰城二期南北通透三居室，两梯两户，保养好，有钥匙,35000,232,朝阳
时间国际1居13500元,13500,78,朝阳
半岛国际公寓2居10000,12500,70,朝阳
北沙滩 南北板楼三居室，浅色靓装 集中供暖 不临街位置,13000,132.89,朝阳
客厅挑高6米+带大露台+南北通透+跃层复式+望京+有钥 匙,16000,158,朝阳
望京，臻园，南北朝向两居，装潢保持的干净整洁，全部家私齐全,14000,90,朝阳
望京慧谷阳光，南北三居室，采光好，新装修，家具全，配套全,16000,151,朝阳
望京，西南朝向的正规两居，格局方正，全部家私齐全，采光视野好,9500,96,朝阳
太阳公元，南北3居，免中介，保养好,22000,136,朝阳
亮马桥路：亮马名居正规1居室+家具齐全+保养好,13000,93,朝阳
裘马都全明格局1居室，保养好，家具齐全,13500,77.28,朝阳
水星园1居室，随时起租，9500,11000,63,朝阳
林肯公园 三居室 户型好,12000,147,大兴
呼家楼，世茂宫园，二次装修，保养好，家具齐全,22000,114.42,朝阳
新纪家园2居，保养好，家具齐全,10500,82,朝阳
太阳公元92平米小3居，南北通透，全明格局,17000,92,朝阳
望京，南北朝向大三居，双卧和客厅朝南，格局方正，无浪费面积,23000,180,朝阳
澳景花庭 自住未租，南北高楼层电梯三居室 有钥匙 随时住,12500,122,朝阳
宝星园南向五居室 安静不临街 采光视野好 带电梯,25000,250,朝阳
东湖湾南北三居室 安静不临街 带电梯 采光视野好,28000,224.02,朝阳
东湖湾南向一居室 安静不临街 带电梯 采光视野好,8800,47.44,朝阳
望京花园东区西南三居室 安静不临街 采光视野好 带电梯,11000,120,朝阳
国风北京西南三居室 安静不临街 带电梯 采光视野好,17000,144,朝阳
房源保真，随时可看，有大阳台，落地窗设计，可聊,5000,95.5,通州
开间改1.5居，开放式厨房，中楼层，保持好，装修好,7200,51,朝阳
珠江罗马嘉园东区 南向三居 临地铁大悦城 交通便利,16000,174,朝阳
高层观景 三面采光三居室 机具齐全,21000,164,朝阳
珠江罗马嘉园 正规一居室 房子业主自住,8200,55.33,朝阳
金都杭城南北两居室，多楼层，带电梯，,11000,105.29,朝阳
华贸公寓 装修保养好 全，新社区 环境优美 随时可看,23000,146.83,朝阳
【租赁店长精选】  大理石地板    押一付三即可  保养好,35000,190,朝阳
靠近百子湾地铁 封闭小区 人车分流 园林,13600,131.28,朝阳
带车位 家具齐全  高楼层  南北通透  保养好,20500,204,朝阳
中楼层南北三居室，首租，家具家齐全，随看,48000,247,朝阳
亚运村小营远洋万和城B区南北4室,30000,175,朝阳
地铁望京西边 北京香颂 全南向一居 洋房院内 安静舒适,8500,74,朝阳
太阳宫，国际村，南北三居，户型方正，配置齐全，不临街，带车位,17500,134,朝阳
朝庭 南北三居 落地窗 视野好 采光好,16000,136,朝阳
十里堡海华堂东1室,7000,59,朝阳
果园新华联家园南区南北2室,5500,93.63,通州
北苑润泽公馆南1室,7000,62,朝阳
椿树园 东西通透两居室 随时看.房 起租,8500,67.63,西城
双井苹果社区东2室,10000,104.7,朝阳
新华大街富力金禧花园南西2室,6400,90.76,通州
方庄方庄六号南西2室,9000,102.77,丰台
旧宫宣颐家园南北3室,7500,133.3,大兴
通州北苑京贸国际公寓南东2室,6300,96.27,通州
新华大街富力金禧花园东南2室,6400,89.96,通州
九棵树龙湖蔚澜香醍南2室,7000,91.41,通州
双井 富力城D区 东南北大四居 二次装修 干净整洁,39000,210,朝阳
林肯公园 大平层,23000,227,大兴
可做 会 所 百万科技装修 品牌家居 看 房 随时 一梯一户,40000,361.2,朝阳
欢乐谷金蝉南里东南1室,5200,65,朝阳
成寿寺鑫源国际北2室,8500,53,丰台
西坝河西坝河东里北1室,7000,43.14,朝阳
双井富力城D区南北3.50室,23000,170.4,朝阳
旧宫亦庄北岸南北2室,5700,86.36,大兴
方庄紫芳园一区东1室,5200,53,丰台
陶然亭耕天下南北3室,23000,159,西城
华威桥山水文园中园南北4室,32000,247.74,朝阳
此户型南北通透下跃式四居室，房间保持好 看 房 方便,24800,230,朝阳
方庄芳城园1区南西2室,6700,63,丰台
朝青华纺易城西1室,7300,65.47,朝阳
成寿寺中海城紫鑫阁南1室,5800,48,丰台
方庄紫芳园二区南北2室,11000,91.71,丰台
富力城A区 东南向 水系环绕 看花园 空房,30000,257,朝阳
临河里华远铭悦南北4室,8000,133.66,通州
园区中间 正观园区花园 居家齐全 长租 外飘阳台 卧室不干扰,13500,103.81,西城
地铁6号线 朝阳大悦城 朝阳园 户型方正 采光好,8500,80,朝阳
酒仙桥丽都水岸3期北1室,9500,54.52,朝阳
大望路后现代城东1室,6800,64.06,朝阳
地铁宣武门和平门站庄胜二期正规一居室高层观景房,8500,52.55,西城
椿树园小区，东向一居室，视野无遮挡，家具家 电齐全,6300,48.09,西城
二环陶然亭白纸坊清芷园人文名宅豪 华复式五居,33000,284.43,西城
软件园一期+齐全+电梯入户+一居室,8500,69,海淀
垡头翠成馨园南北2室,7500,105,朝阳
望京合生麒麟社北1室,9500,65,朝阳
临河里金隅花石匠南北2室,5000,89,通州
通州北苑京贸国际公寓西北4室,9200,173,通州
郁金香 正规一居室,4500,50,大兴
地铁宣武门菜市口站正规西南向两居电梯直达配套齐全,8800,78.55,西城
垡头翠成馨园南3室,7200,97,朝阳
中信城三期禧园东西通透三居 精美装修 随时起租,17300,124,西城
武夷花园京贸国际城西区南北2室,5000,93.08,通州
紫玉山庄 双拼别墅 装修好 打电话过来随时看 有钥匙,70000,243,朝阳
国瑞城+正规南向一居+视野采光好+业主人好,7000,60,东城
三元桥凤凰城二期东北2室,16000,109,朝阳
北苑路北 天怡家园东南北三居室 高层 采光好 随时起租,13000,130,朝阳
北苑路北 天溪园南北通透两居室 客厅朝南 交通便利,11000,127.99,朝阳
西二旗当代城市家园南北2室,8500,117,海淀
华威桥美景东方东南3室,14000,129,朝阳
玉桥合生滨江帝景1期南3室,7000,112,通州
果园新华联家园北区南1室,4000,45,通州
宋家庄方泽园南1室,5500,45.28,丰台
望京朝庭公寓东1室,28000,240,朝阳
通州北苑世纪星城南北2室,3500,108.59,通州
西城 宣武 西单 菜市口 中信锦园 南北东明卫 可长租 地铁,12000,94,西城
三里屯三里屯SOHO公寓东北4室,42000,253.47,朝阳
临河里华远铭悦南北2室,5300,88.56,通州
水上华城复式两居室+明厨双卫+家具全+新装修+方便看,12000,131,东城
商品社区、园区环境好+格局合理＋采光充足＋配套齐全＋方便看,50000,331,海淀
西二旗当代城市家园北1室,5500,54,海淀
大望路东方雅苑南北2室,10000,95,朝阳
太阳宫万方景轩南西2室,12000,105,朝阳
双井百环家园东南3室,12500,139,朝阳
西单金宸国际公寓南3室,26000,134.79,西城
富力城国贸两居+可空房+有钥匙随时看+带阳台+交通便利,11000,87.25,朝阳
九棵树靓景明居南2室,6000,80,通州
甘露园天天朝阳南北2室,8500,121.77,朝阳
崇文门+有钥匙+采光好可长租+高层朝南一居+新裕+新景家园旁,7500,60,东城
东花市东向两居，安静观花园，室内干净，随时看有钥匙,9000,92,东城
广渠门内南北四居，高层视野好，家具电齐全，位置安静，人车分流,32000,266.01,东城
东直门当代万国城南北3室,35000,242.2,东城
欢乐谷世纪东方城东西2室,7500,81,朝阳
新，设施全部配齐，临九棵树城铁，可聊,10000,125,通州
租房成本可大聊，设施齐全，新，随时可看，小区中间位置,5000,81.5,通州
可聊，设施齐全，储物空间多，随时可看,4500,100,通州
四惠 远洋天地 保养好两居室 家具齐全 方便看 使用面积大,10500,120,朝阳
云趣园二区 南北通透两居室,5600,93.51,昌平
双井，富力城D区，水系旁的南北两居室，一层带花园，户型好,18000,119.78,朝阳
酒仙桥和乔丽晶一期东南2室,17000,133,朝阳
中广宜景湾南北通透四居室，客厅主卧朝南观公园，卧室分离私密,21000,214,朝阳
高层对花园 全南采光舒适 视野开阔 新家具家 电 房源有钥匙,6500,51,朝阳
新景家园东向一居，家具电齐全，室内干净，采光视野好,7500,66,东城
崇文门新世界太华公寓东2室,19000,152,东城
陶然亭中信锦园南2室,15000,97,西城
本人主做太阳宫 三元桥片区欢迎致电187-0150-7047,14500,99.39,朝阳
燕莎国际港东南4室,18500,166,朝阳
广安门西豪逸景南1室,7900,73,西城
融域嘉园，不临街位置 南北板楼三居室 随时入住，内置齐备；,15800,148.8,朝阳
慧谷时空南向三居室 安静不临街 带电梯 采光视野好,15000,120,朝阳
季景沁园南北三居室 安静不临街 带电梯 采光视野好,15000,139,朝阳
西园一区西南三居室 安静不临街 带电梯 采光视野好,12000,104.94,朝阳
新景家园南向一居，高层无遮挡，采光充足，家具电齐全，交通便利,6800,58.46,东城
北四环一瓶八斗87平米正规两居室大屯路东两百米方便看,10500,87,朝阳
森林公园旁澳林春天3期正规三居室双卫+居家装修家居电器齐全,12000,132.43,朝阳
澳林春天 高层东南北三向采光 可长租房主人很好,31500,302.43,朝阳
澳林春天 南北三居室 有电梯，浅色靓装，随时入住,18000,157,朝阳
2014年房  玉石装修  中式皮质沙发   高楼层视野好,28000,162.13,朝阳
北四环鸟巢边慧忠北里5300正规一居室方便看,5300,51.37,朝阳
东直门当代万国城北东3室,25000,140.06,东城
通州北苑京贸国际公寓西3室,8000,129.6,通州
酒仙桥晶都国际东北1室,6000,65.6,朝阳
润枫水尚 南北通透三居  挨着朝阳大悦城 地铁青年路站,19000,160.12,朝阳
朝青润枫水尚南北3室,15500,161,朝阳
东北2居室，简单装修，客厅宽敞，楼层高，视野好,8200,100.91,石景山
万寿路 西钓鱼台嘉园 南北通透四居室 临河观河 采光好,25000,212,海淀
西三环，人车分流，采光好，视野无遮挡，近地铁,22000,121.94,朝阳
永定路西里 两居室 装修保养好 楼层高视野好,9500,92.4,海淀
崇文门国瑞城A区南北3室,35000,251.13,东城
远洋沁山水 89平 西向两居室 装修保养好 方便看,9400,89,石景山
可长租+不临街+观景好+有钥匙+家具齐全+地铁10号线车道沟,15500,160,海淀
成寿寺中海城圣朝菲东西3室,8500,101.42,丰台
紫金长安三期 东南向三居室 双卧朝南 采光好,22000,171.5,海淀
缘溪堂南北3居室，临玉渊潭公园，85平米客厅，接待和居家均可,48000,294.77,海淀
商品社区、园区环境好+格局合理＋采光充足＋配套齐全＋方便看,18000,155,海淀
商品社区、园区环境好+格局合理＋采光充足＋配套齐全＋方便看,9500,94.56,海淀
中高楼层，目前业主自己住着，装修好，保养如新。,75000,391,朝阳
华贸公寓 装修保养好，无遮挡，功能全面，看。房方便,11500,63,朝阳
华纺易城东区正规两居，价格低，地铁6号线，朝阳大悦城。,8800,88,朝阳
商品社区、园区环境好+格局合理＋采光充足＋配套齐全＋方便看,28000,183.08,海淀
商品社区、园区环境好+格局合理＋采光充足＋配套齐全＋方便看,22000,191,海淀
商品社区、园区环境好+格局合理＋采光充足＋配套齐全＋方便看,20000,176.69,海淀
双井首城国际D区南2室,13000,88.17,朝阳
朝青国美第一城南2室,8500,98.46,朝阳
万寿路 五棵松  双阳台两居室 板楼 可以配齐,12000,105,海淀
办 公一居室+装修保养好+世纪城,17000,113,海淀
通州北苑京贸国际公寓东北室,8500,150,通州
通州北苑通典铭居南东2室,5800,87.39,通州
方庄芳城东里南北3室,12000,136,丰台
商品社区、园区环境好+格局合理＋采光充足＋配套齐全＋方便看,16000,173.5,海淀
国奥村 一层带40平米花园 +居家装修+之前自住保持好+奥森,21000,163.8,朝阳
临河里华业东方玫瑰南2室,5000,90.6,通州
朝青朝阳雅筑东北2室,9000,104.11,朝阳
四惠远洋天地一期西1室,8500,78,朝阳
宝星国际高层方正大一居室 目前已经改成小两居,9500,80,朝阳
宝星国际全南向大开间 装修保持好 安静不临街 方便看,7800,64.48,朝阳
崇文 广渠门 东花市 2室 室内如图 随时起租 集中供暖,7500,61.11,东城
清源东里正规三居室+居家装修家居电器齐全+带电梯不临街随时住,8600,104,海淀
方庄方庄六号南北3室,4800,166,丰台
大望路风度柏林南3室,13500,135,朝阳
朝青润枫水尚南北3室,18000,166,朝阳
果园苏荷时代南北1室,4200,78,通州
四惠东恒时代二期南北3室,15000,142,朝阳
居家 会 所 大望路旁 三环边 近地铁 豪 装,46000,238,朝阳
成寿寺鑫源国际东北2室,12000,150,丰台
颐慧佳园，开间，地铁，户型方正，东向,5200,38.76,海淀
保利 大三居 三个卫生间 3+1居室 空房,23000,147,朝阳
慧谷阳光 80平 全南向复式 不临街 配套齐全 随时可以看,10000,80,朝阳
方庄紫芳园二区南北3室,14000,138,丰台
南向一居室，高楼层，保持干净，刷卡入户,4200,68.17,通州
云趣园 低楼层南北3居室 家具齐全 装修保养好 可以长租,7200,115,昌平
林肯公园二期，120平米2居，空房，周边配套齐全，可聊价格,8800,120,大兴
南北通透2居室 居住自住 随可看 家具全齐,8000,96.96,朝阳
屋内干净整洁 装修保养很好  正规一居室 西南向采光效果好,9800,70,朝阳
武夷花园运河湾南2室,6000,89.16,通州
业主直租  别的公司没有 装修好 配套全,11000,89,朝阳
双井CBD总部公寓2期南北3室,12500,113.74,朝阳
宣武门四合上院南北3室,26000,154,西城
CBD温莎大道南北4室,50000,370,朝阳
酒仙桥晶都国际东南1室,6000,50,朝阳
崇文门新世界太华公寓东1室,12000,103,东城
望京花家地南里 板楼2居 明厅阳台 家私齐全 随时起租,7000,60,朝阳
裘马都4居40000元电梯房,40000,295,朝阳
广安门荣丰2008北1室,4500,38.6,西城
方庄芳星园3区南北2室,6700,60,丰台
大雄郁金香 南北三居室,8700,127,大兴
君安国际,9500,113.17,大兴
甘露园朝阳园西北2室,8800,86.32,朝阳
林肯公园 双卫 二居室 全齐,8500,95,大兴
福景苑 全齐三居室 装修保养好 近朝阳公园,40000,225.61,朝阳
宝星国际方正开间 中间楼层采光好 方便看,9800,83,朝阳
新康家园 南北通透 户型好,6800,103,大兴
慧忠北里，一居室，浅色靓装，内置齐备，月底入住,6500,61.9,朝阳
双井非常生活东2室,8300,64,朝阳
婚房装修开间 中层 房间保养好 地铁站10号线 业主直租,6000,48.61,朝阳
朝青国美第一城北东1室,6800,59.05,朝阳
停车方便 可以长租 空间大 适合做接待用房,60000,212.43,海淀
东花市本家润园C区北1室,6800,50,东城
九棵树蓝调沙龙东区南1室,3700,41.16,通州
富力城A区1居9000元电梯房,9000,62.09,朝阳
翠叠园南北三居室+双卧南+客厅北+高层采光好+有钥匙,16500,155,海淀
商品社区、园区环境好+格局合理＋采光充足＋配套齐全＋方便看,17500,157,海淀
云趣园三区，91平米，南北通透，户型方正，周边配套齐全,5700,91,昌平
车位，三居，万柳碧水云天，可配,26000,167.38,海淀
望京慧谷阳光南北2室,11000,91.5,朝阳
澳林春天5期正规一居室+居家装修家居电器齐全+带电梯不临街,7200,70.7,朝阳
科技园区怡海花园恒丰园东南3室,20000,199.75,丰台
宣武门四合上院南北2室,15000,98.63,西城
8号温泉对面，家具齐全，新换壁纸和地毯，可做工作室,36000,293,朝阳
【租赁店长 - 精选房源】  温馨 干净 整洁  可看4套,13000,60.18,朝阳
望京上京新航线西1室,7000,45.23,朝阳
上地东里，南北通透的大两居室，随时起租，可以合租,8600,96,海淀
临河里金隅花石匠南北3室,5300,92.16,通州
回龙观融泽嘉园南1室,5400,65.09,昌平
双井富力城D区南北3室,19500,157,朝阳
朝青润枫水尚南北3室,19000,178,朝阳
太阳宫半岛国际公寓东北1室,9300,53,朝阳
通州北苑世纪星城南西2室,8500,138.97,通州
果园新华联家园南区南北2室,5200,113.52,通州
亦庄国融国际西1室,4600,53,大兴
临河里k2海棠湾西2室,5400,82.88,通州
旧宫宣颐家园南1室,4900,75.81,大兴
望京望馨花园南北2室,10500,120,朝阳
方庄GOGO新世代西1室,5600,46.39,丰台
望京金隅丽港城东南3室,15000,135,朝阳
望京，中广宜景湾，格局方正的四居，全部家私齐全，采光好,22000,212,朝阳
望京，融科橄榄城，全南朝向的正规两居，双卧和客厅朝南，格局正,13500,94,朝阳
五道口，华清嘉园，西南双卫三居，装修不错，东西齐全，电梯入户,20000,150.96,海淀
安静不临街位置 南北通透三居室 可以半空房,15500,152,朝阳
业主直租 劲松双井 华腾园中高层西南三居室带车位 三卧分离,12000,116.05,朝阳
学知轩，西北大一居，中楼层效果好，近城华园，逸成东苑,7700,78.83,海淀
城华园西北两居，有钥匙，随时起租，之前没租过，东西齐全,7700,55.5,海淀
广安门玺源台南2室,12500,110,西城
双井国贸 首城国际高层东南北两居 业主直租 随时入住,10000,89,朝阳
龙跃苑三区，一层两居室，南北通透，采光好，小区出行方便,5400,92.13,昌平
丽都板块  丽都水岸  南向开间  精美地暖房 带 家居,9500,52.44,朝阳
瞰都国际  开间  精美木地板  带家居,7100,48,朝阳
朝阳 远洋天地 东北大三居 装修好,17000,135.8,朝阳
有钥匙，方正两居，中高层，家具电齐全，室内干净，市政供暖,7500,72,东城
亚运村安慧北里小区南2室 楼层好 家具全  方便 临地铁,7600,58.06,朝阳
华纺易城东区中间位置一居室 中低楼层 家私齐全 保养好。,6800,58,朝阳
南北通透两居室；家具齐全.看好价可谈+寻找爱护房子人,15000,89.64,朝阳
广安门荣丰2008西1室,3800,26.79,西城
凤凰城：随时起租.保持好.业主二次装修.户型好,22000,129,朝阳
果园雅丽世居南北1室,4200,76,通州
西二旗怡美家园南3室,2500,123,海淀
时间国际东北向一居室，全明格局，保持好，二次装修，有钥匙,12500,75,朝阳
凤凰城二期有钥匙、南北通透三居室、观景小区园林,35000,225.28,朝阳
望京金隅丽港城南西2室,10000,104.59,朝阳
望京花家地西里一区南北2室,8500,60.92,朝阳
有钥匙 带电梯 南北布局，双卫两居室，内置齐备 随时入住,11500,132,朝阳
主做楼盘 南北3居室 家具齐全 干净卫生 带电梯 不临街,19500,147.59,朝阳
广渠门外地铁站，正规西向一居，家具电齐全，室内干净，交通便利,5800,49.45,东城
万柳蜂鸟社区北1室,6200,52.23,海淀
国风北京 南北3居室 家具齐全 干净卫生 采光充足 不临街,17000,146,朝阳
望京，南湖嘉苑，南北四居，双卧朝南，全部家私齐全，采光好,22000,190,朝阳
国风上观南北三居，装修好，家私齐全，高楼层，随时入主,20000,184.46,朝阳
双井苹果社区北1室,13500,72,朝阳
北京花园+闹中取静+花园洋房+南北通透板楼,28000,199.29,朝阳
太阳宫金星园南北大三居室 齐全入住 保持好,19800,190,朝阳
裘马都1居室，家具齐全，保养好，随时起租,13500,75,朝阳
三元桥裘马都2居室+全南2居+保养好+家具齐全,16000,101,朝阳
融科1期南北三居，明厨双明卫，简约大方，高楼层，装修好,17000,133,朝阳
望京，朝庭公寓，全南朝向布局，落地窗设计，采光视野好，无遮挡,20000,190,朝阳
望京，全南朝向两居，格局方正，没有拐角浪费，随时配合看,10500,91.3,朝阳
凤凰城1期，南北3居室，家具齐全，直接住，可长租,21000,167,朝阳
临河里k2海棠湾南2室,6500,92.18,通州
双井首城国际A区西北1室,7200,46.33,朝阳
双井富力城A区南3室,16000,120,朝阳
双井百环家园西北2室,9500,112,朝阳
武夷花园百合湾北2室,4200,30,通州
广渠门金桥国际公寓南2室,9500,88.84,东城
万柳蜂鸟社区北1室,6500,48,海淀
十里堡爱这城一期南2室,8800,110,朝阳
十里堡东恒时代三期西1室,7500,63.3,朝阳
酒仙桥丽都水岸3期南1室,8800,52.44,朝阳
朝青华纺易城南北3室,13000,137,朝阳
朝青青年路小区南1室,5300,68,朝阳
望京澳洲康都南2室,11500,110,朝阳
望京望京花园西区南西2室,8500,80,朝阳
广安门丽水莲花2号院南2室,11000,104,西城
太阳宫水星园南北4室,23000,176.67,朝阳
大望路后现代城北1室,6300,50.56,朝阳
朗琴园 全明格局两居室 电器家具齐全 保养好 随时入住,8500,74,西城
百子湾金泰先锋东1室,7000,67.67,朝阳
十里堡爱这城一期北东1室,7500,63.16,朝阳
公主坟颐源居南西3室,13500,127.04,海淀
紫竹桥人济山庄一期东2室,13000,106,海淀
望京西园三区 保持的好安静不临街 家私齐全 采光好 无遮挡,12000,100,朝阳
成寿寺中海城圣朝菲东2室,7900,97.45,丰台
北四环嘉铭桐城75平米正规一居室方便看随时住 家具全,8000,75,朝阳
北四环鸟巢边慧忠北里155平米南北通透三居室14000随时看,14000,155,朝阳
北四环三空间117平米2居室一层带花园随时看,12000,117,朝阳
泛海国际碧海园+南北两居+全明户型+安静+景观好,23000,143,朝阳
南北四居+格局合理+带车位+可长租+家具齐全+金源+10号线,50000,326,海淀
上东8号 房况好 南向两居 有车位  地暖 临阳光上东,21000,130.78,朝阳
泛海碧海园+中层4居+配套齐全+家装全齐＋保养还不错,35000,245,朝阳
北部新区保利西山林语南北2室,5600,90.99,海淀
陶然亭中信沁园南北3室,26000,152,西城
垡头北京华侨城南北3室,14000,166,朝阳
星岛假日 户型方正 南北通透,9500,180.93,大兴
北部新区保利西山林语南北2室,5500,88,海淀
亚运村小营紫薇天悦东南1室,8500,88,朝阳
国锐金嵿 户型好 户型方正,25000,246,大兴
嘉美风尚3居18000元首租,18000,151,朝阳
西三环 丽泽桥北 保利百合花园 3室2厅2卫 全明格局,11000,84.96,丰台
天乐园，南北通透大一居，居家装修，家具齐全,9000,94.42,朝阳
嘉华印象 南北两居室 一层带花园 交通便利,5000,91,通州
拂林园，南北通透三居室，居家装修（北苑路北),14000,153,朝阳
凤凰城一期全南向复式，动静分离，正规四居室，家具齐全,29000,229.11,朝阳
双井首城国际B区南北2室,10000,87.04,朝阳
十里堡东恒时代三期南西1室,6500,54,朝阳
双井苹果社区南2室,12500,111,朝阳
CBD蓝堡国际公寓西1室,12000,65,朝阳
丽宫别墅 装修好 南北通透 视野采光好,21000,161.59,朝阳
梅园 二居室 南北通透,5500,79.13,大兴
房屋闲置，稳定靠谱租，可长期，户型好,30000,209,朝阳
一栋洋房，独栋别墅，500平米环绕花园，空房，报价5万可聊,50000,524.2,大兴
四环边+宜家家乐福购物+出门公园+方便！,9500,63.48,朝阳
上元君庭 全南二居室 采光好，家具齐全，10月份起租,8700,84,朝阳
婚房装修+家具齐全+南北3居复式+200平花园+阳光房,55000,429,朝阳
回龙观西大街  南北通透两居室,6000,95,昌平
天朗园，傲城财富，（公司用房）北苑路北,32000,235,朝阳
百合湾 南向三居室 空房  交通便利,5200,51.55,通州
领地OFFICE3居15000元空房,15000,108,朝阳
太阳公元，高层南向两居，家具齐全,15500,90,朝阳
林肯公园3居23000文化园地铁站,23000,218,大兴
金地格林小镇 低楼层两居室 采光无遮挡 有钥匙随时看,8000,110,大兴
钥匙房 正南北 户型方正好用 家具齐全 条件好聊,25000,199,朝阳
四惠通惠家园惠生园南北2室,7800,88,朝阳
上北鑫座1居5000元,4800,47.42,昌平
上北鑫座东向开间 装修好  带电梯,4300,46.92,昌平
上元君庭，三居室，居家装修，家具齐全,13000,133,朝阳
润枫水尚南向一居，家具齐全，地铁大悦城。,8000,68,朝阳
太阳宫新纪家园南西1室,6800,49,朝阳
郁金香，南北通透4居室，配置齐全，2层，可聊价格,8888,147.24,大兴
双井富力城D区北1室,11000,70.24,朝阳
万象新天南北大四居室 三面采光 看小区园林,14000,205.37,朝阳
富力十号 您梦想中的样子 管家私人服务 两梯一户一楼一卡,46000,228.51,朝阳
太阳宫太阳公元南北3室,22000,127,朝阳
望京新城四居室，全装全配，视野开阔，采光好，有车位，三套在租,14000,133,朝阳
上元君庭，空房四居室，南北向，可居家，可配齐，高层，景观房,18000,200,朝阳
颐慧佳园，带电梯三居室，齐全，集中供暖，地铁慈寿寺,15000,130,海淀
国贸别墅区+影音室+带花园+欧式装修+居家/接待均可,72000,408,朝阳
博客雅居 一居室 户型好,4000,56.54,大兴
富力城 高层东南三居 有钥匙 目前空房 可配齐,17500,136.77,朝阳
业主一直自住 保养的很好 您会喜欢的,28000,199,朝阳
芙蓉东路 京贸国际城 南向两居室  空房,5500,93.69,通州
国美东院正规一居，家具齐全，临地铁大悦城。,6500,57,朝阳
天畅园，公司用三居室，北苑路北,17500,186,朝阳
南北通透两居室 近霍营地铁 出行方便,6300,98.76,昌平
CBD蓝堡国际公寓西北1室,12000,71.67,朝阳
国瑞城中区+南北三居室+装修好+位置优越+有保姆间,18800,146.76,东城
美伦堡，高楼层，不临街位置，内置齐备，双明卫 电梯板楼,17500,160,朝阳
南北通透 明厨明卫 安静 前后花园 采光好 方庄站 素质住户,18000,204,丰台
国瑞城中区，有钥匙，东向一居，室内干净，家具电齐全，交通便利,7000,60,东城
家具齐全  落地窗  有钥匙  保养好 中间楼层 四惠地铁,13500,144,朝阳
望京好位置的门脸房 临马路阜通西大街 大面宽好位置,40000,227,朝阳
新怡家园南北两居，位置安静，室内干净，人车分流，交通便利,17000,135,东城
林肯公园，空房168平米3居室，周边出行方便，配套齐全,14000,168,大兴
一瓶南向阳光房，客厅带大阳台，正观园区花园，头次租，保养好,20000,139.83,西城
一瓶兰亭，东向开间，次顶层，齐全，陶然亭公园,6500,56,西城
朝青板块  国美家园   正规三居   中式古代风,12000,142.59,朝阳
珠江罗马嘉园正规三居 东西通透 保养好 全齐,13000,138.9,朝阳
首租 东花市 南北2室 中间楼层 室内如图 可长租 近富贵园,8600,80,东城
远洋山水南区 101平西北向两居室 装修保养好 视野好,8500,101.13,石景山
出门既是地铁，南向两居室。视野好、装修干净整洁。,11000,73.3,朝阳
有视频 阳光满满 正规一居 户型好 空间大,8000,71,朝阳
双井九龙花园西2室,9800,120,朝阳
兄得 回龙观西大街附近  正规南北通透三居室 家具电器齐全,2300,112,昌平
流星花园 南北2居室 家具齐全,8000,102,昌平
为你而选 家的方向 新康家园96.55平南北通透两居 采光足,6500,96.55,大兴
新怡家园+南北通透2.5居+有钥匙+居家装修,16000,130.6,东城
三元桥 裘马都 南北四居室 东边户 中层采光无遮,40000,292,朝阳
商品社区、园区环境好+格局合理＋采光充足＋配套齐全＋方便看,6600,44.41,海淀
新起点嘉园 户型方正 干净整洁 中层采光好 合适,7800,68,海淀
世纪城+南北通透四居室+车位+金源+10号线,23000,208,海淀
慧谷阳光南北两居室 安静不临街 带电梯 采光视野好,11000,92,朝阳
大西洋南向两居室 安静不临街 采光视野好 带电梯,14000,90,朝阳
上京新航线东向一居室 安静不临街 采光视野好 带电梯,7000,43,朝阳
广渠门外地铁，正规两居，格局方正，高层视野开阔，家具电齐全,10500,85,东城
天鹅湾南向两居，装修保养好。,13500,117.89,朝阳
光大水墨风景大两居室+婚房装修家居电器齐全+带电梯不临街,16000,99.44,海淀
国奥村 不临街 客厅挑空 带露台 边单元 3面通透采光,34000,232,朝阳
富力城A区 高层全南三居室 自住房 保养好 元旦起租,20000,135.36,朝阳
宝星国际全南向大开间 安静不临街 装修保持好 随时可看,8000,66,朝阳
珠江罗马嘉园 南北两居室 家私全齐 保持好 交通便利 大悦城,9800,89,朝阳
高层一居，独立厨卫有暖气，随时起租，可长租，通风好-百环家园,6300,60,朝阳
澳林春天，浅色靓装两居室，内置齐备，随时入住,6200,76,朝阳
东湖湾三期2居32000元,32000,192,朝阳
富力城D区3居18000元,18000,140,朝阳
朝阳 孙河 泰禾北京院子 下叠 带庭院+露台+地暖 空房租,40000,180.29,朝阳
东花市本家润园C区西1室,6800,55,东城
幸福家园+有钥匙头次租+婚房装修+市政供暖+干净整洁+临地铁,8500,88.73,东城
望京鹿港嘉苑 正规一居室 高层观景 齐全,7600,51,朝阳
汽修一厂一层南北两居室，家具齐全，出行方便，集中采暖，不临街,6000,51.32,朝阳
林肯公园 二居室 齐全,8500,94.7,大兴
望京南湖佳苑，南北通透3居，家具齐全，生活交通便捷，采光好,14000,152,朝阳
林肯 二居室 户型好 装修保养良好,8100,92.37,大兴
上海沙龙 二居室  南北通透,7000,97,大兴
林肯公园，配置齐全一居室，高层观景无遮挡，可聊价格,5600,55.3,大兴
林肯公园 二居室 全齐,8300,91.29,大兴
三期 恒温恒湿 家具齐全 随时起租,14800,114,东城
金地格林小镇 低层 三居室,9000,138,大兴
花家地西里 业主装修一年 未住过 有钥匙,6800,58.75,朝阳
望京 金隅丽港城 东向开间 温馨装修 高层采光好 可谈价,6800,56,朝阳
望京 宝星国际 西南1居 装修干净整洁 高层采光好 可谈价,9900,82,朝阳
望京 南湖中园一区 南北2居 居家装修 采光好 可谈价,7000,70.79,朝阳
有钥匙，南北布局，集中供暖 内置齐备，随时入住,5200,56,朝阳
双井富力城D区 南北三居 不临街 家具齐全 看花园,23000,157,朝阳
林肯公园，高层观景，空房大平层，252平米，报价2.2万可聊,22000,252,大兴
听涛雅苑，南向一居室，婚房布置，有燃气，有电梯，配置齐全,5000,52.31,大兴
三环国际村业主直租高层观景、采光全天无遮挡齐全看比较方便,21000,151.9,朝阳
【精选钥匙房源】 随时起租   业主人老好相处了  保养老好,28000,161,朝阳
【精选钥匙房】 方便看  可做私人工作室   保养好,25000,257,朝阳
朝阳公园，南北四居，全明格局，有钥匙，随时看,35000,275,朝阳
【好评经纪人】 蓝堡顶层    家具好    不临街安静,52000,320,朝阳
怡美家园，婚房装修，家具电器齐全，随时起租，挨着上林溪，当代,10500,123,海淀
地上三层 联排别墅+花园 可住家 可经营 包物业取暖,15000,183,海淀
有钥匙,25000,224.88,朝阳
瞰都国际两居室，家具齐全，方正户型，临地铁站，朝阳公园旁,11000,87.84,朝阳
【家具齐全】  【价格可沟通】 【有钥匙，保养好】,40000,268,朝阳
五道口 龙湖唐宁 13号线 北四环中路 中高层开间 干湿分离,8800,41,海淀
苹果社区 北区南向 共两层 采光好 干净整洁 生活便利,28000,118.32,朝阳
有钥匙！一瓶 兰亭公寓 ，酒店式装修风格，独立卫生间,6000,45,西城
观澳园双卧朝南两居  入住随时 有钥匙  可长租,7300,85.17,海淀
知语城南北四居室 安静不临街 空房 可配齐 价可谈,18000,182,朝阳
清河观澳园南北2室,7500,96.9,海淀
城华园高层北向一居，随时起租，装修不错，东西齐全，电梯入户,6500,62.15,海淀
海淀永泰园南北两居，装修不错，东西齐全，随时起租，可以看,6300,58,海淀
永泰园 南北通透 两居室 安静 交通便利 配套齐全 出行便捷,6100,69,海淀
富力十号地 三环内感受住宅 国贸一站地 邻居社会地位高,50000,227,朝阳
酒仙桥板块  晶都国际 北向开间带家居,6500,52,朝阳
酒仙桥板块  海润国际  正规两居  带家居,19000,127.77,朝阳
富力盛悦居+南北通透+带阳光房+对花园+高层采光好,7500,99.3,大兴
阳光上东 临水系的两居 11月中旬起租 房况新 丽都商圈,21000,134,朝阳
华悦国际186平米南北通透三居室 安静不临街 南北观花园,23000,186,朝阳
朝青、朝阳大悦城、润枫水尚临天鹅湾、地铁6号线青年路站、干净,8200,68,朝阳
凤凰城三期1居15000元,15000,79.35,朝阳
太阳公元3居21000元,21000,132,朝阳
丰和园15号院2居15500元,15500,93,朝阳
当代万国城2居23000元,22000,127,东城
国瑞城+商 品房+南北通透+业主人好+装修宜居,30000,197.86,东城
花家地西里 南北两居 无遮挡 不临街 适合居家 钥匙房,6200,70,朝阳
国风北京 新小区 环境好 家具齐全 干净卫生 不临街,13000,118.04,朝阳
澳林春天 南北板楼 双卫两居室 不临街位置，免爬低楼层,9000,118,朝阳
新家具新电器，有钥匙 随时入住 电梯房 集中供暖,7800,60,朝阳
望京，蓝色家族，全南朝向两居，楼下是望京南站，新世纪百货,12000,127,朝阳
7号线桥湾地铁站，南北两居，家具电齐全，随时起租，长租,6500,61.48,东城
慧谷时空 正规2居室 家具齐全 干净卫生 采光充足 带电梯,14000,111,朝阳
华彩国际 南北两居室 安静不临街 装修好,14000,118,朝阳
鹿港嘉苑 南北3居室 家具齐全 干净卫生 采光充足 不临街,15000,144,朝阳
星海明珠南北三居室 双阳台 带电梯 采光视野好 安静不临街,16000,179,朝阳
凤凰城二期高楼层三居室，南北通透，两梯两户，有钥匙,27000,232.5,朝阳
南北通风效果好 可看 居家齐全 安静舒适 带阳台,14500,101.69,朝阳
机场线：万国城2居室，家具齐全，保养好,17000,94,东城
优选 2居室中间楼层 本房方便看 家具齐全,27000,159.32,朝阳
万国城正规1居，家居齐全，保养好,15500,70,东城
一品亦庄 南北通透,8000,122,大兴
太阳公元南北通透小3居，全明格局,17000,92,朝阳
火星园全南2居，14200免中介,14200,100,朝阳
之前一直自己住，家具都齐全，地暖，采光比较好，没遮挡。,18500,138,朝阳
三里屯：首开铂郡1居室，保养好，家具齐全,10500,61.95,朝阳
果岭里南北三居室 安静不临街 带电梯 采光视野好,23000,169.2,朝阳
华彩南北三居室 安静不临街 带电梯 采光视野好,18500,174.69,朝阳
凤凰城有钥匙一居室，保养好，正观白杨林，家具齐全，有钥匙,13000,75,朝阳
朝青润枫水尚南北2室,10000,106,朝阳
世茂奥临花园 南北通透大三居 居家装修,22000,198,朝阳
火星园全南两居！头次租！家具齐全！保持好！,15000,98,朝阳
齐全 月底起租 中间层 安静 10年不临街,13500,97,朝阳
世纪城+南北三居室+长租+随时+金源+10号线,17000,173,海淀
世华泊郡2居8500元,8500,85.27,朝阳
南北通透+金源+曙光+长租+随时,19000,186,海淀
银河湾 南北3居 家具全 浅色欧式风格 园区绿植多 宜居住,25000,150,朝阳
方庄GOGO新世代西1室,5600,47,丰台
双井首城双景北2室,14000,60,朝阳
根园独门独院的别墅 安静 双门入户 地上三层 地下一层,38000,262,朝阳
牛街枫桦豪景北1室,8500,68,西城
方庄方庄六号西北3室,11000,121,丰台
观景好+采光好+带车位+出行便捷+位置安静,6900,100.68,丰台
天鹅湾复式两居，装修保养好，临地铁大悦城。,12800,64.71,朝阳
九棵树靓景明居东西1室,4000,60,通州
大望路风度柏林东北2室,11000,106,朝阳
通州北苑世纪星城南北3室,3000,91.93,通州
果园巴克北2室,3700,47,通州
九棵树靓景明居南北3室,6500,125.55,通州
成寿寺中海城紫鑫阁北1室,5600,47.45,丰台
三卧朝南，保养好，开放式明厨，采光好，功能间齐全，三代同堂！,30000,191.92,朝阳
广渠门绿景馨园南北2室,8000,65,东城
全南向 无遮挡 齐全 保持好,14500,95,朝阳
郁金香 四居室 南北通透 户型好,11000,167.1,大兴
通州北苑新华联锦园南北2室,5300,101.38,通州
望京朝庭公寓南北3室,17000,142,朝阳
望京朝庭公寓南2室,13500,110,朝阳
一瓶 园区中间 安静位置 公寓房 刷卡进陶然公园 独立卫生间,6000,45,西城
通州北苑世纪星城东1室,3900,64.43,通州
难得 南向大一居  价格可 谈  不临街,8000,78.41,朝阳
望京世安家园东北3室,10000,108,朝阳
西坝河光熙家园南北3室,22000,153,朝阳
燕莎板块+亮马桥快轨+地暖房+观景花园+闹中取静,90000,249,朝阳
国展浩鸿园西2室,13500,138,朝阳
方庄方庄六号南北3室,12500,151,丰台
太阳公元，家具齐全，有钥匙，观小区花园,16000,89,朝阳
双井苹果社区北1室,7900,65,朝阳
CBD和乔丽致北1室,15000,61.86,朝阳
酒仙桥丽都水岸3期南1室,10000,56,朝阳
方庄芳星园二区南北2室,6500,60,丰台
转角户型+大一居+安静不临街+可长租,8500,86,朝阳
通州北苑世纪星城三期南北2室,5000,102.76,通州
三元桥太阳星城金星园南西3室,24000,246,朝阳
四惠远洋天地一期南1室,25000,289.42,朝阳
曙光里,10000,78,朝阳
金泉时代 楼下地铁 位置好,19500,130.5,朝阳
太阳国际公馆南北三居室房间保持好周边交通方便,24000,183,朝阳
复式三居室+方正+齐全+长租＋玫瑰御园,17000,192.02,海淀
鲁谷远洋沁山水南1室,6800,63.9,石景山
果园新华联家园南区南北3室,6000,104.81,通州
果园巴克南北3室,10000,176,通州
双井苹果社区北1室,9200,72,朝阳
太阳宫新纪家园东北1室,7200,64,朝阳
建国门内长安太和西2室,40000,152.9,东城
梨园新城阳光南西2室,5100,94.85,通州
望京望京西园二区南2室,9000,93,朝阳
亚运村小营亚运新新家园竹溪园南北3室,19000,156,朝阳
CBD蓝堡国际公寓北1室,11500,54.41,朝阳
大望路后现代城西北1室,7000,55.45,朝阳
石佛营小悦城西北1室,7500,42,朝阳
龙锦苑东三区，南北通透，三居两卫，户型方正，周边配套齐全,4000,129.38,昌平
华贸公寓 装修保养好 知名社区 环境优美 随，时可看 精，装,14500,64.78,朝阳
华贸公寓 高层无遮挡 装修保养好 环境好 随时入住,15500,69.2,朝阳
北苑乐想汇南1室,6500,71.7,朝阳
东直门当代MOMA南2室,25000,136,东城
酒仙桥银河湾南北2室,18000,102.88,朝阳
双井苹果社区南1室,18000,75,朝阳
万柳阳春光华枫树园西南2室,11000,73.83,海淀
十里堡东恒时代三期东南3室,12500,135,朝阳
华贸公寓 无遮挡，全天采光，户型方正，装修保养好,12800,62.79,朝阳
国瑞城雅仕苑大四居室，有露台，装修保养好，家具电器全,30000,301,东城
通州北苑新华联锦园南北2室,5300,93.29,通州
东大桥金地国际花园东西2室,22500,124,朝阳
朝青青年汇佳园北1室,5500,38,朝阳
CBD阳光100国际公寓东2室,14000,110,朝阳
国瑞城商品，东向，开发商统一装修，居住舒适，交通便利,11000,62,东城
望京合生麒麟社南西1室,8700,70,朝阳
通州北苑新华联锦园南北2室,5500,93.32,通州
天鹅湾南区 全南两居室 家具全齐 欧式装修 保持新 出行方便,14000,108,朝阳
华贸公寓东南向三居室，精 装 修，诚 意出 租，随时看 房。,33000,204.2,朝阳
为你而选 家的方向 亦庄 国锐金嵿 72㎡大一居 随时入住,7500,72,大兴
玉泉营三环新城8号院南东1室,5500,54,丰台
玉泉营三环新城7号院南2室,7000,102,丰台
朝阳公园西门 龙阁公寓 一居室高层南向采光好 房况好有钥匙,13000,78.51,朝阳
国锐金嵿，中楼层，配置齐全2居室，可聊价格,9000,104,大兴
soco公社开间一居室+居家装修家居电器齐全+带电梯不临街,5500,44,海淀
马连道格调小区南北3室,14000,137,西城
房子保持好，业主爽快，有钥匙可看,22000,135,朝阳
四环边 望京桥北 金隅国际 东南大三居 户型方正 可做工作室,25000,196.93,朝阳
北四环金泉时代115.11平米一居室方便看大屯路东五十米,17500,115.11,朝阳
万国城3居室 家具齐全 浅色欧式家具 中层采光好,45000,224,东城
北四环康斯丹郡173平米南北三居室随时看,16000,173,朝阳
望京新城 东南两居室 安静不临街 高层观景,8800,107,朝阳
北四环欧陆144全明三居室随时看对小区花园观景好,14000,144,朝阳
朝庭高层南向二居 封闭式管理社区 环境安静舒适 可空房租,11000,112,朝阳
紫金长安 空房 低楼层 大客厅 全落地窗 随时看,26500,228.29,海淀
西苑小区 中高楼层的房子 保养好 视野好,7000,74,海淀
西三环，人车分流，采光好，视野无遮挡，近地铁,29000,176,朝阳
四惠东恒时代二期西北1室,8000,62,朝阳
东大桥世茂宫园南东3室,35000,209,朝阳
中央别墅区泰禾北京院子南北3室,25000,167.06,朝阳
北苑华贸城南西2室,7100,53,朝阳
果园巴克南1室,3800,57,通州
九棵树靓景明居南北2室,5500,82,通州
润枫水尚正规两居，临地铁大悦城。,10500,96,朝阳
天鹅湾复式，临地铁大悦城。,9000,39.7,朝阳
万寿路国悦府 东北向两居室 家私齐全 视野好装修好,24800,132.78,海淀
商品社区、园区环境好+格局合理＋采光充足＋配套齐全＋方便看,15000,121,海淀
商品社区、园区环境好+格局合理＋采光充足＋配套齐全＋方便看,19000,180,海淀
劲松桥东70米 出行方便 周边配套齐全 业主直租,14000,148,朝阳
五棵松今日家园东2室,8500,100,海淀
朝青、天鹅湾近润枫水尚、朝阳大悦城、地铁6号线青年路站、,9500,47,朝阳
陶然亭中海紫御公馆南2室,11000,90.15,东城
亦庄莱茵河畔南北2室,6500,105.13,大兴
合生麒麟社温馨居家房 装修保持好 带地暖 有燃气 生活便利,10700,65,朝阳
软件园公馆一居室 干净舒适齐全 环境好,9200,69,海淀
富力城C区2居13000元,13000,90.57,朝阳
亮马名居 全天采光，户型方正，功能齐全，看，房方便,28000,196,朝阳
优 质  资 源 近国贸 可 注 册 近地铁,12500,115,朝阳
果园巴克北1室,4100,66.3,通州
太阳宫太阳公元南2室,16000,89.29,朝阳
天朗园，大三居，公司用房（北苑路北）,32000,235,朝阳
三居改的二居  可短租 可长租 板楼 豪 装,10000,143.06,朝阳
清河橡树湾西北3室,23500,209.36,海淀
富力城A区1居9500元,9500,59.7,朝阳
颐和园燕北园南北2室,6500,60,海淀
世纪城翠叠园+长租+有车位+双卧南,18000,161,海淀
客厅三卧朝南 空房 可长租 落地飘窗 开发商装修,25000,172.4,西城
业主直租 国贸一站地 地库直达地铁站 高层两居 装修好,13500,87.5,朝阳
商品社区、园区环境好+格局合理＋采光充足＋配套齐全＋方便看,17000,188,海淀
朝青国美第一城南1室,5500,49,朝阳
广渠门水上华城南北3室,21000,213,东城
国展新天第东南4室,26000,226.15,朝阳
回龙观上北鑫座北1室,4000,47,昌平
万寿路 国悦府 南向开间 使用率高,10000,59,海淀
双桥珠江绿洲南北3室,15000,163,朝阳
通州北苑世纪星城南北4室,15000,228.38,通州
果园翠屏北里西区南北2室,5000,92.52,通州
博客雅居 户型方正 南北通透,4200,57,大兴
九棵树靓景明居东北2室,4800,80,通州
南北通透3居室 长进深 安静不临街 采光好 配套齐全,24000,159.41,朝阳
望京 花家地西里二区 东南2居 装修干净整洁 采光好 可谈价,7200,76.88,朝阳
玉泉营鸿业兴园一区南西2室,7300,94.68,丰台
百环家园正规一居室 户型方正 业主直租 装修保养很好,6600,60,朝阳
临河里金隅花石匠南北4室,13000,163,通州
鲁谷远洋山水北区南北4室,22000,188,石景山
亦庄上海沙龙南北3室,8500,130,大兴
垡头格林莱雅南北3室,12000,133.2,朝阳
田村乐府江南东西1室,5300,45.7,海淀
望京华彩国际公寓南1室,9000,53,朝阳
三元桥太阳星城金星园南北3室,20000,177,朝阳
亚运村小营远洋万和城B区南2室,14000,89.41,朝阳
有钥匙带地下车位  随时起租 长租,18000,149.81,海淀
太阳宫太阳公元南2室,15500,90,朝阳
上海沙龙 一居室 方便 有钥匙,4000,56,大兴
朝阳公园 棕榈泉高层三居室 我是房源跟 单人 业主很信 任我,28000,162,朝阳
红庙  地铁站  华贸公寓   开间 步行到国贸 温馨小屋,15000,65.44,朝阳
燕莎+朝阳公园 南北通透4居室 花园洋房 2008年楼盘,42000,265.72,朝阳
朝阳公园南门对面 丽水嘉园 两居室 采光好 家具齐全有钥匙,12000,112,朝阳
朝阳公园南门对面 丽水嘉园高层 三居改大两居 带衣帽间观公园,17000,132.7,朝阳
朝阳公园 观景三居室 丽水嘉园 全明户型 中高层 温馨,17000,127.06,朝阳
上京南北三居室 装修好 给空租,15000,133.68,朝阳
上海沙龙 南北三居室 家具全齐 价格能聊,8000,118,大兴
宣武门椿树园奥运社区南北4室,16000,205,西城
临河里金隅花石匠南北4室,7000,142,通州
太阳宫太阳公元东南北2室,15500,89,朝阳
通州北苑世纪星城东1室,3500,52.76,通州
亦庄林肯公寓东北2室,7200,57.36,大兴
颐源居，公主坟，采光好，小区环境好，西二环外,26000,198,海淀
劲松华腾园北1室,7000,64,朝阳
垡头翠成馨园南北3室,12000,137.78,朝阳
新景家园+头次租+地铁近+随时起租+装修温馨宜居+价格可 聊,5300,27.38,东城
宝盛里一居室，装修不错，东西齐全，楼层适中，阳光充足，不临街,6200,63,海淀
望京望京新城南3室,10000,98,朝阳
清河橡树湾南北3室,16000,154.6,海淀
丽都板块 海润国际公寓  精美装修带家居,25000,243,朝阳
百子湾金泰先锋东南2室,9500,92.17,朝阳
随时起租，独栋，花园面积大，安静，舒适，装修好,220000,276,朝阳
星河湾三期 地暖房 保养好 齐全出 租 紧 邻朝阳大悦城,55000,330,朝阳
国际村3居23000元,23000,194.59,朝阳
凤凰城二期3居38000元,35000,225,朝阳
望京望馨花园东南2室,9000,96,朝阳
西三环，人车分流，采光好，视野无遮挡，近地铁,7700,97,石景山
宝星国际西南向两居室 中间楼层 装修好目前空置,11500,95,朝阳
联排别墅 复式5居 家具齐全 装修好 采光充足 干净卫生,45000,331,朝阳
鹿港嘉苑 全南1居室 户型方正 采光充足 视野开阔 不临街。,8400,72,朝阳
南沙滩 联合院 高楼层 集中供暖 浅色靓装 随时入住,6800,52.9,朝阳
望京，南北朝向三居，主卧和客厅朝南，格局方正无浪费面积,16500,129,朝阳
亦庄君安国际西2室,7700,105.13,大兴
丽水嘉园 观景朝阳公园 钥匙房源 家具齐全 业主诚 意,17000,136,朝阳
丰和园全南2居，保养好，家具齐全,14000,94,朝阳
三元桥UHN国际村北1室,8800,55.11,朝阳
海晟名苑1居12000元,12000,73,东城
太阳公元全南2居，家具齐全，保养好，13000,13000,85,朝阳
机场线，万国城3居，家具齐全，保养好,22500,158,东城
凤凰城3期，南北西4居室，家具齐全，保养好,30000,229,朝阳
东湖湾南北三居室 安静不临街 采光视野好 带电梯,25000,171,朝阳
华彩国际南北三居室 安静不临街 带电梯 采光视野好,19000,165.37,朝阳
梨园园景东区南2室,6000,97,通州
双井合生国际花园二期南北3室,16500,134.43,朝阳
双井CBD总部公寓1期南北2室,12000,113.3,朝阳
世纪城垂虹园南西2室,12000,107,海淀
望京季景沁园6居室，精细装修，一层带花园，带半地下，空房,24000,286,朝阳
十里堡爱这城二期东西2室,9500,97,朝阳
成寿寺中海城紫鑫阁北1室,5300,48,丰台
酒仙桥瞰都国际南西4室,35000,322,朝阳
朝青珠江罗马嘉园南北2室,9800,82,朝阳
百子湾金都杭城2期南2室,10000,89,朝阳
陶然亭中海紫御公馆北西1室,4500,61,东城
大望路后现代城西1室,6800,64.19,朝阳
龙锦苑东一区，南北通透，采光好，小区安静，环境优美,6500,118,昌平
三元桥凤凰城一期南3室,22000,186,朝阳
太阳宫万方景轩东北1室,8000,43.81,朝阳
广渠门冠城名敦道A区东1室,9000,71,东城
朝阳公园 丽水嘉园  两居室 保养好 方便看 价格还能谈,12000,86,朝阳
朝阳公园 博雅园南北三居 方便看 配置其全 二次装修,26000,170.73,朝阳
当代MOMA 西南4室 现已空房 采光充足 恒温恒湿,37000,206,东城
博雅园，高层观景三居，新装修，视野好，随时看,24000,172,朝阳
华威桥美景东方东北3室,10000,113,朝阳
四惠壹线国际东北1室,5500,143.46,朝阳
大屯路东五十米金泉时代84.5平米一居室一个月1.2万随时看,12000,84.5,朝阳
太阳宫冠城大通澜石南北3室,28000,173.28,朝阳
瞰都国际全南向三居室，明厨明卫，保养很好，家具齐全,14000,114.43,朝阳
西山公馆，花园入户，电梯洋房，+软件园一期里,7500,150,海淀
西区 150平米 高层 随时可以看 出行方便,23000,150,朝阳
挑空复式，客厅挑空5.5米，落地窗，开放式厨房，有钥匙,13000,61.44,朝阳
太阳宫水星园南1室,5800,27.88,朝阳
橡树湾婚房装修 随时看可看 20000,20000,192.16,海淀
光大名筑 一居室 业主新装修，用的都是好材料,7500,53.61,朝阳
东南北朝阳户型 高层纯板楼安静 可谈价,10500,90,朝阳
中铁国际城3居9600元,9600,89.53,朝阳
山水蓝维   小区没得说,8500,99.02,朝阳
棕榈泉3居 给免租期 可随时看 家具齐全 可押一付三,45000,220,朝阳
中央别墅区长岛澜桥南北4.50室,48000,358.83,朝阳
四惠通惠家园惠民园东2室,8000,88,朝阳
常营柏林爱乐西1室,5500,60.57,朝阳
燕莎国际港南北2室,13000,122.22,朝阳
方庄芳古园一区东南2室,3000,66,丰台
科技园区怡海花园恒泰园南北2室,6800,86.83,丰台
红庙中国第一商城北东3室,22000,190.02,朝阳
为你而选 家的方向 亦庄富源里小区 91㎡南北三居室 格局好,7000,91,大兴
建国门外嘉华世纪南北4室,49000,214.28,朝阳
亚运村天创世缘东北3室,15500,172,朝阳
崇文门新裕家园南1室,9500,81.66,东城
北四环安慧里79.6平米南北两居室一个月7600随时看,7600,79.6,朝阳
东大桥金地国际花园南北2室,23000,180,朝阳
装修好 东南向 高层三居 明厨明卫 观景好,15000,127,海淀
听涛雅苑正规燃气一居室,4800,58,大兴
崇文门国瑞城A区北1室,9500,66,东城
玉海园二里 90平 装修保养不错 东北向,3500,90,海淀
成寿寺中海城圣朝菲东北2室,7600,86,丰台
劲松华腾园东南3室,12000,119.79,朝阳
方庄紫芳园一区南3室,7500,78,丰台
上海沙龙 平层一居室 南北通透,14000,206.9,大兴
林肯公园 开间,4500,36,大兴
太阳宫万方景轩南西1室,6800,44.4,朝阳
望京澳洲康都西1室,6600,38,朝阳
